season,team,winrate
2023,CIN,0.5263157894736842
2023,SEA,0.4931506849315068
2023,MIL,0.52
2023,LAD,0.5466666666666666
2023,PHI,0.52
2023,TEX,0.6081081081081081
2023,MIN,0.4868421052631579
2023,STL,0.41333333333333333
2023,OAK,0.2631578947368421
2023,FLA,0.5657894736842105
2023,ANA,0.5454545454545454
2023,KCR,0.28
2023,BAL,0.6216216216216216
2023,CLE,0.47297297297297297
2023,ARI,0.5921052631578947
2023,HOU,0.5394736842105263
2023,PIT,0.47297297297297297
2023,NYM,0.4594594594594595
2023,WSN,0.3835616438356164
2023,NYY,0.5466666666666666
2023,TOR,0.5324675324675324
2023,COL,0.38461538461538464
2023,CHW,0.42857142857142855
2023,SFG,0.56
2023,DET,0.43243243243243246
2023,TBD,0.6666666666666666
2023,BOS,0.5333333333333333
2023,ATL,0.64
2023,CHC,0.48
2023,SDP,0.48
2022,CIN,0.38414634146341464
2022,SEA,0.5548780487804879
2022,LAD,0.6829268292682927
2022,MIL,0.5304878048780488
2022,PHI,0.5365853658536586
2022,TEX,0.42073170731707316
2022,MIN,0.4817073170731707
2022,STL,0.573170731707317
2022,OAK,0.3719512195121951
2022,ANA,0.45121951219512196
2022,FLA,0.4268292682926829
2022,KCR,0.4024390243902439
2022,BAL,0.5121951219512195
2022,CLE,0.5670731707317073
2022,ARI,0.4573170731707317
2022,HOU,0.6524390243902439
2022,PIT,0.38414634146341464
2022,NYM,0.6219512195121951
2022,WSN,0.34146341463414637
2022,NYY,0.6097560975609756
2022,TOR,0.5670731707317073
2022,COL,0.42073170731707316
2022,CHW,0.5
2022,SFG,0.5
2022,DET,0.40853658536585363
2022,TBD,0.5304878048780488
2022,BOS,0.4817073170731707
2022,ATL,0.6219512195121951
2022,CHC,0.4573170731707317
2022,SDP,0.5487804878048781
2021,CIN,0.5121951219512195
2021,SEA,0.5548780487804879
2021,LAD,0.6524390243902439
2021,MIL,0.5853658536585366
2021,PHI,0.5060975609756098
2021,TEX,0.3719512195121951
2021,MIN,0.45121951219512196
2021,STL,0.5548780487804879
2021,OAK,0.5304878048780488
2021,FLA,0.4146341463414634
2021,ANA,0.47560975609756095
2021,KCR,0.4573170731707317
2021,BAL,0.3231707317073171
2021,CLE,0.49390243902439024
2021,ARI,0.3231707317073171
2021,HOU,0.5853658536585366
2021,PIT,0.3780487804878049
2021,NYM,0.47560975609756095
2021,WSN,0.4024390243902439
2021,NYY,0.5670731707317073
2021,TOR,0.5609756097560976
2021,COL,0.4601226993865031
2021,CHW,0.573170731707317
2021,SFG,0.6585365853658537
2021,TBD,0.6158536585365854
2021,DET,0.47560975609756095
2021,BOS,0.5670731707317073
2021,ATL,0.5460122699386503
2021,CHC,0.43902439024390244
2021,SDP,0.4878048780487805
2020,CIN,0.5161290322580645
2020,SEA,0.45161290322580644
2020,LAD,0.7096774193548387
2020,MIL,0.4838709677419355
2020,PHI,0.46774193548387094
2020,TEX,0.3709677419354839
2020,MIN,0.5967741935483871
2020,STL,0.5166666666666667
2020,OAK,0.5967741935483871
2020,ANA,0.43548387096774194
2020,FLA,0.5161290322580645
2020,KCR,0.43548387096774194
2020,BAL,0.41935483870967744
2020,CLE,0.5806451612903226
2020,ARI,0.41935483870967744
2020,HOU,0.4838709677419355
2020,PIT,0.3225806451612903
2020,NYM,0.43548387096774194
2020,WSN,0.43548387096774194
2020,NYY,0.5483870967741935
2020,TOR,0.532258064516129
2020,COL,0.43548387096774194
2020,CHW,0.5806451612903226
2020,SFG,0.4838709677419355
2020,TBD,0.6612903225806451
2020,DET,0.4
2020,BOS,0.4032258064516129
2020,ATL,0.5806451612903226
2020,CHC,0.5645161290322581
2020,SDP,0.6129032258064516
2019,CIN,0.4634146341463415
2019,SEA,0.42073170731707316
2019,LAD,0.6524390243902439
2019,MIL,0.5487804878048781
2019,PHI,0.5
2019,TEX,0.4817073170731707
2019,MIN,0.6219512195121951
2019,STL,0.5609756097560976
2019,OAK,0.5975609756097561
2019,ANA,0.4451219512195122
2019,FLA,0.35365853658536583
2019,KCR,0.36585365853658536
2019,BAL,0.3353658536585366
2019,CLE,0.573170731707317
2019,ARI,0.524390243902439
2019,HOU,0.6585365853658537
2019,PIT,0.4268292682926829
2019,NYM,0.5304878048780488
2019,WSN,0.573170731707317
2019,NYY,0.6341463414634146
2019,TOR,0.4146341463414634
2019,COL,0.43902439024390244
2019,CHW,0.44785276073619634
2019,SFG,0.47560975609756095
2019,TBD,0.5914634146341463
2019,DET,0.294478527607362
2019,BOS,0.5182926829268293
2019,ATL,0.5975609756097561
2019,CHC,0.5182926829268293
2019,SDP,0.4329268292682927
2018,CIN,0.4146341463414634
2018,SEA,0.5487804878048781
2018,LAD,0.5636363636363636
2018,MIL,0.5878787878787879
2018,PHI,0.49390243902439024
2018,TEX,0.4146341463414634
2018,MIN,0.4817073170731707
2018,STL,0.5426829268292683
2018,OAK,0.5975609756097561
2018,ANA,0.49390243902439024
2018,FLA,0.39263803680981596
2018,KCR,0.3597560975609756
2018,BAL,0.2926829268292683
2018,CLE,0.5609756097560976
2018,ARI,0.5060975609756098
2018,HOU,0.6341463414634146
2018,PIT,0.50920245398773
2018,NYM,0.47560975609756095
2018,WSN,0.5060975609756098
2018,NYY,0.6158536585365854
2018,TOR,0.45121951219512196
2018,COL,0.5575757575757576
2018,CHW,0.38414634146341464
2018,SFG,0.45121951219512196
2018,TBD,0.5548780487804879
2018,DET,0.39634146341463417
2018,BOS,0.6646341463414634
2018,ATL,0.5548780487804879
2018,CHC,0.5818181818181818
2018,SDP,0.40853658536585363
2017,CIN,0.42073170731707316
2017,SEA,0.4817073170731707
2017,LAD,0.6402439024390244
2017,MIL,0.5304878048780488
2017,PHI,0.40853658536585363
2017,TEX,0.4817073170731707
2017,MIN,0.524390243902439
2017,STL,0.5121951219512195
2017,OAK,0.4634146341463415
2017,FLA,0.47560975609756095
2017,ANA,0.49390243902439024
2017,KCR,0.49390243902439024
2017,BAL,0.4634146341463415
2017,CLE,0.6280487804878049
2017,ARI,0.573170731707317
2017,HOU,0.6219512195121951
2017,PIT,0.4634146341463415
2017,NYM,0.4329268292682927
2017,WSN,0.5975609756097561
2017,NYY,0.5609756097560976
2017,TOR,0.4695121951219512
2017,COL,0.5365853658536586
2017,CHW,0.4146341463414634
2017,SFG,0.39634146341463417
2017,TBD,0.49390243902439024
2017,DET,0.39634146341463417
2017,BOS,0.573170731707317
2017,ATL,0.4451219512195122
2017,CHC,0.5670731707317073
2017,SDP,0.43902439024390244
2016,CIN,0.42073170731707316
2016,SEA,0.5304878048780488
2016,LAD,0.5609756097560976
2016,MIL,0.45121951219512196
2016,PHI,0.43902439024390244
2016,TEX,0.5853658536585366
2016,MIN,0.36585365853658536
2016,STL,0.5304878048780488
2016,OAK,0.4268292682926829
2016,ANA,0.4573170731707317
2016,FLA,0.49079754601226994
2016,KCR,0.5
2016,BAL,0.5487804878048781
2016,CLE,0.5828220858895705
2016,ARI,0.4268292682926829
2016,HOU,0.5182926829268293
2016,PIT,0.48466257668711654
2016,NYM,0.5365853658536586
2016,WSN,0.5853658536585366
2016,NYY,0.5182926829268293
2016,TOR,0.5487804878048781
2016,COL,0.4634146341463415
2016,CHW,0.4817073170731707
2016,SFG,0.5365853658536586
2016,DET,0.5337423312883436
2016,TBD,0.42073170731707316
2016,BOS,0.573170731707317
2016,ATL,0.4233128834355828
2016,CHC,0.6380368098159509
2016,SDP,0.42073170731707316
2015,CIN,0.39634146341463417
2015,SEA,0.4695121951219512
2015,LAD,0.5670731707317073
2015,MIL,0.42073170731707316
2015,PHI,0.3902439024390244
2015,TEX,0.5426829268292683
2015,MIN,0.5121951219512195
2015,STL,0.6158536585365854
2015,OAK,0.42073170731707316
2015,ANA,0.524390243902439
2015,FLA,0.43902439024390244
2015,KCR,0.5853658536585366
2015,BAL,0.5
2015,CLE,0.5030674846625767
2015,ARI,0.4878048780487805
2015,HOU,0.5304878048780488
2015,PIT,0.6036585365853658
2015,NYM,0.5548780487804879
2015,WSN,0.5121951219512195
2015,NYY,0.5365853658536586
2015,TOR,0.573170731707317
2015,COL,0.42073170731707316
2015,CHW,0.4695121951219512
2015,SFG,0.5182926829268293
2015,TBD,0.49390243902439024
2015,DET,0.4601226993865031
2015,BOS,0.4817073170731707
2015,ATL,0.4146341463414634
2015,CHC,0.5975609756097561
2015,SDP,0.4573170731707317
2014,CIN,0.4695121951219512
2014,SEA,0.5365853658536586
2014,LAD,0.5792682926829268
2014,MIL,0.5060975609756098
2014,PHI,0.45121951219512196
2014,TEX,0.4146341463414634
2014,MIN,0.4329268292682927
2014,STL,0.5548780487804879
2014,OAK,0.5426829268292683
2014,FLA,0.47560975609756095
2014,ANA,0.6036585365853658
2014,KCR,0.5487804878048781
2014,BAL,0.5914634146341463
2014,CLE,0.524390243902439
2014,ARI,0.39634146341463417
2014,HOU,0.4329268292682927
2014,PIT,0.5426829268292683
2014,NYM,0.4878048780487805
2014,WSN,0.5914634146341463
2014,NYY,0.5182926829268293
2014,TOR,0.5121951219512195
2014,COL,0.40853658536585363
2014,CHW,0.45121951219512196
2014,SFG,0.5426829268292683
2014,DET,0.5548780487804879
2014,TBD,0.47560975609756095
2014,BOS,0.43902439024390244
2014,ATL,0.4878048780487805
2014,CHC,0.45121951219512196
2014,SDP,0.47560975609756095
2013,CIN,0.5548780487804879
2013,SEA,0.43902439024390244
2013,LAD,0.5670731707317073
2013,MIL,0.4573170731707317
2013,PHI,0.45121951219512196
2013,TEX,0.5575757575757576
2013,MIN,0.40853658536585363
2013,STL,0.5975609756097561
2013,OAK,0.5914634146341463
2013,ANA,0.4817073170731707
2013,FLA,0.38414634146341464
2013,KCR,0.5304878048780488
2013,BAL,0.524390243902439
2013,CLE,0.5670731707317073
2013,ARI,0.5
2013,HOU,0.3170731707317073
2013,PIT,0.5792682926829268
2013,NYM,0.4573170731707317
2013,WSN,0.5304878048780488
2013,NYY,0.524390243902439
2013,TOR,0.4573170731707317
2013,COL,0.4573170731707317
2013,CHW,0.3902439024390244
2013,SFG,0.4695121951219512
2013,TBD,0.5636363636363636
2013,DET,0.573170731707317
2013,BOS,0.5975609756097561
2013,ATL,0.5914634146341463
2013,CHC,0.40853658536585363
2013,SDP,0.4695121951219512
2012,CIN,0.5975609756097561
2012,SEA,0.4634146341463415
2012,LAD,0.5304878048780488
2012,MIL,0.5121951219512195
2012,PHI,0.5
2012,TEX,0.573170731707317
2012,MIN,0.40853658536585363
2012,STL,0.5426829268292683
2012,OAK,0.5792682926829268
2012,FLA,0.4268292682926829
2012,ANA,0.5487804878048781
2012,KCR,0.4451219512195122
2012,BAL,0.573170731707317
2012,CLE,0.42073170731707316
2012,ARI,0.5
2012,HOU,0.34146341463414637
2012,PIT,0.4878048780487805
2012,NYM,0.4573170731707317
2012,WSN,0.6036585365853658
2012,NYY,0.5853658536585366
2012,TOR,0.45121951219512196
2012,COL,0.39634146341463417
2012,CHW,0.524390243902439
2012,SFG,0.5792682926829268
2012,TBD,0.5548780487804879
2012,DET,0.5426829268292683
2012,BOS,0.4268292682926829
2012,ATL,0.5792682926829268
2012,CHC,0.3780487804878049
2012,SDP,0.4695121951219512
2011,CIN,0.4878048780487805
2011,SEA,0.4146341463414634
2011,MIL,0.5914634146341463
2011,LAD,0.50920245398773
2011,PHI,0.6280487804878049
2011,TEX,0.5914634146341463
2011,MIN,0.3902439024390244
2011,STL,0.5548780487804879
2011,OAK,0.4573170731707317
2011,FLA,0.4451219512195122
2011,ANA,0.5304878048780488
2011,KCR,0.43902439024390244
2011,BAL,0.4268292682926829
2011,CLE,0.49390243902439024
2011,ARI,0.5792682926829268
2011,HOU,0.3475609756097561
2011,PIT,0.4451219512195122
2011,NYM,0.47560975609756095
2011,WSN,0.49693251533742333
2011,NYY,0.5975609756097561
2011,TOR,0.5
2011,COL,0.45121951219512196
2011,CHW,0.4878048780487805
2011,DET,0.5853658536585366
2011,TBD,0.5609756097560976
2011,SFG,0.5304878048780488
2011,BOS,0.5548780487804879
2011,ATL,0.5487804878048781
2011,CHC,0.43902439024390244
2011,SDP,0.43902439024390244
2010,CIN,0.5609756097560976
2010,SEA,0.3780487804878049
2010,LAD,0.49390243902439024
2010,MIL,0.47560975609756095
2010,PHI,0.5975609756097561
2010,TEX,0.5548780487804879
2010,MIN,0.5792682926829268
2010,STL,0.5304878048780488
2010,OAK,0.5
2010,ANA,0.49390243902439024
2010,FLA,0.49390243902439024
2010,KCR,0.4146341463414634
2010,BAL,0.40853658536585363
2010,CLE,0.4268292682926829
2010,ARI,0.4024390243902439
2010,HOU,0.4695121951219512
2010,PIT,0.35365853658536583
2010,NYM,0.4878048780487805
2010,WSN,0.4268292682926829
2010,NYY,0.5853658536585366
2010,TOR,0.524390243902439
2010,COL,0.5121951219512195
2010,CHW,0.5426829268292683
2010,SFG,0.5670731707317073
2010,TBD,0.5914634146341463
2010,DET,0.5
2010,BOS,0.5487804878048781
2010,ATL,0.5609756097560976
2010,CHC,0.4634146341463415
2010,SDP,0.5548780487804879
2009,CIN,0.4817073170731707
2009,SEA,0.524390243902439
2009,LAD,0.5853658536585366
2009,MIL,0.49390243902439024
2009,PHI,0.573170731707317
2009,TEX,0.5365853658536586
2009,MIN,0.5333333333333333
2009,STL,0.5609756097560976
2009,OAK,0.4634146341463415
2009,ANA,0.5975609756097561
2009,FLA,0.5365853658536586
2009,KCR,0.4024390243902439
2009,BAL,0.39634146341463417
2009,CLE,0.4024390243902439
2009,ARI,0.4329268292682927
2009,HOU,0.4573170731707317
2009,PIT,0.38650306748466257
2009,NYM,0.4329268292682927
2009,WSN,0.36585365853658536
2009,NYY,0.6341463414634146
2009,TOR,0.4634146341463415
2009,COL,0.5670731707317073
2009,CHW,0.4878048780487805
2009,DET,0.5272727272727272
2009,TBD,0.5182926829268293
2009,SFG,0.5426829268292683
2009,BOS,0.5853658536585366
2009,ATL,0.5304878048780488
2009,CHC,0.5153374233128835
2009,SDP,0.4634146341463415
2008,CIN,0.4573170731707317
2008,SEA,0.3780487804878049
2008,MIL,0.5548780487804879
2008,LAD,0.5182926829268293
2008,PHI,0.5670731707317073
2008,TEX,0.4878048780487805
2008,MIN,0.5393939393939394
2008,STL,0.5304878048780488
2008,OAK,0.4662576687116564
2008,ANA,0.6158536585365854
2008,FLA,0.5214723926380368
2008,KCR,0.4634146341463415
2008,BAL,0.4233128834355828
2008,CLE,0.5
2008,ARI,0.5060975609756098
2008,HOU,0.5337423312883436
2008,PIT,0.4146341463414634
2008,NYM,0.5487804878048781
2008,WSN,0.36809815950920244
2008,NYY,0.5487804878048781
2008,TOR,0.5304878048780488
2008,COL,0.4573170731707317
2008,CHW,0.5454545454545454
2008,SFG,0.4451219512195122
2008,DET,0.4573170731707317
2008,TBD,0.5975609756097561
2008,BOS,0.5853658536585366
2008,ATL,0.4451219512195122
2008,CHC,0.6012269938650306
2008,SDP,0.3902439024390244
2007,CIN,0.4451219512195122
2007,SEA,0.5426829268292683
2007,MIL,0.5121951219512195
2007,LAD,0.5060975609756098
2007,PHI,0.5487804878048781
2007,TEX,0.4634146341463415
2007,MIN,0.4878048780487805
2007,STL,0.4817073170731707
2007,OAK,0.4695121951219512
2007,FLA,0.43902439024390244
2007,ANA,0.5792682926829268
2007,KCR,0.4268292682926829
2007,BAL,0.4268292682926829
2007,CLE,0.5914634146341463
2007,ARI,0.5548780487804879
2007,HOU,0.45121951219512196
2007,PIT,0.42073170731707316
2007,NYM,0.5426829268292683
2007,WSN,0.45121951219512196
2007,NYY,0.5792682926829268
2007,TOR,0.5121951219512195
2007,COL,0.5515151515151515
2007,CHW,0.4451219512195122
2007,DET,0.5426829268292683
2007,TBD,0.40853658536585363
2007,SFG,0.43902439024390244
2007,BOS,0.5914634146341463
2007,ATL,0.5182926829268293
2007,CHC,0.524390243902439
2007,SDP,0.5454545454545454
2006,CIN,0.49390243902439024
2006,SEA,0.4817073170731707
2006,MIL,0.4634146341463415
2006,LAD,0.5426829268292683
2006,PHI,0.524390243902439
2006,TEX,0.49390243902439024
2006,MIN,0.5914634146341463
2006,STL,0.5153374233128835
2006,OAK,0.573170731707317
2006,ANA,0.5487804878048781
2006,FLA,0.4817073170731707
2006,KCR,0.38414634146341464
2006,BAL,0.4329268292682927
2006,CLE,0.4817073170731707
2006,ARI,0.4695121951219512
2006,HOU,0.5060975609756098
2006,PIT,0.4146341463414634
2006,NYM,0.5975609756097561
2006,WSN,0.43902439024390244
2006,NYY,0.5975609756097561
2006,TOR,0.5365853658536586
2006,COL,0.4695121951219512
2006,CHW,0.5548780487804879
2006,SFG,0.4723926380368098
2006,DET,0.5853658536585366
2006,TBD,0.3780487804878049
2006,BOS,0.5304878048780488
2006,ATL,0.4878048780487805
2006,CHC,0.40853658536585363
2006,SDP,0.5426829268292683
2005,CIN,0.45121951219512196
2005,SEA,0.4268292682926829
2005,MIL,0.5
2005,LAD,0.43902439024390244
2005,PHI,0.5426829268292683
2005,TEX,0.4878048780487805
2005,MIN,0.5121951219512195
2005,STL,0.6158536585365854
2005,OAK,0.5426829268292683
2005,FLA,0.5121951219512195
2005,ANA,0.5853658536585366
2005,KCR,0.3475609756097561
2005,BAL,0.4573170731707317
2005,CLE,0.573170731707317
2005,ARI,0.47560975609756095
2005,HOU,0.5487804878048781
2005,PIT,0.4146341463414634
2005,NYM,0.5121951219512195
2005,WSN,0.5
2005,NYY,0.5853658536585366
2005,TOR,0.49390243902439024
2005,COL,0.4146341463414634
2005,CHW,0.6097560975609756
2005,SFG,0.4634146341463415
2005,DET,0.43902439024390244
2005,TBD,0.4146341463414634
2005,BOS,0.5853658536585366
2005,ATL,0.5548780487804879
2005,CHC,0.4878048780487805
2005,SDP,0.5060975609756098
2004,CIN,0.4695121951219512
2004,SEA,0.3902439024390244
2004,LAD,0.573170731707317
2004,MIL,0.4171779141104294
2004,PHI,0.5304878048780488
2004,TEX,0.5487804878048781
2004,MIN,0.5670731707317073
2004,STL,0.6463414634146342
2004,OAK,0.5609756097560976
2004,ANA,0.5670731707317073
2004,FLA,0.5121951219512195
2004,KCR,0.3597560975609756
2004,BAL,0.4817073170731707
2004,CLE,0.49390243902439024
2004,ARI,0.3170731707317073
2004,HOU,0.5670731707317073
2004,PIT,0.44785276073619634
2004,NYM,0.43902439024390244
2004,WSN,0.4146341463414634
2004,NYY,0.6219512195121951
2004,TOR,0.4171779141104294
2004,COL,0.42073170731707316
2004,CHW,0.5121951219512195
2004,DET,0.4451219512195122
2004,TBD,0.43558282208588955
2004,SFG,0.5609756097560976
2004,BOS,0.6036585365853658
2004,ATL,0.5914634146341463
2004,CHC,0.5487804878048781
2004,SDP,0.5365853658536586
2003,CIN,0.4268292682926829
2003,SEA,0.573170731707317
2003,MIL,0.42073170731707316
2003,LAD,0.524390243902439
2003,PHI,0.5304878048780488
2003,TEX,0.43902439024390244
2003,MIN,0.5548780487804879
2003,STL,0.524390243902439
2003,OAK,0.5914634146341463
2003,ANA,0.47560975609756095
2003,FLA,0.5609756097560976
2003,KCR,0.5121951219512195
2003,BAL,0.43902439024390244
2003,CLE,0.42073170731707316
2003,ARI,0.5182926829268293
2003,HOU,0.5365853658536586
2003,PIT,0.4634146341463415
2003,NYM,0.4110429447852761
2003,WSN,0.5121951219512195
2003,NYY,0.6219512195121951
2003,TOR,0.5304878048780488
2003,COL,0.4573170731707317
2003,CHW,0.5304878048780488
2003,SFG,0.6196319018404908
2003,TBD,0.3902439024390244
2003,DET,0.2682926829268293
2003,BOS,0.5853658536585366
2003,ATL,0.6219512195121951
2003,CHC,0.5426829268292683
2003,SDP,0.39634146341463417
2002,CIN,0.4817073170731707
2002,SEA,0.573170731707317
2002,LAD,0.5670731707317073
2002,MIL,0.3475609756097561
2002,PHI,0.49693251533742333
2002,TEX,0.4451219512195122
2002,MIN,0.5828220858895705
2002,STL,0.5975609756097561
2002,OAK,0.6341463414634146
2002,ANA,0.6097560975609756
2002,FLA,0.4878048780487805
2002,KCR,0.38414634146341464
2002,BAL,0.4146341463414634
2002,CLE,0.4573170731707317
2002,ARI,0.6036585365853658
2002,HOU,0.5182926829268293
2002,PIT,0.44785276073619634
2002,NYM,0.4662576687116564
2002,WSN,0.5121951219512195
2002,NYY,0.6380368098159509
2002,TOR,0.4817073170731707
2002,COL,0.45121951219512196
2002,CHW,0.5
2002,SFG,0.588957055214724
2002,TBD,0.34355828220858897
2002,DET,0.34355828220858897
2002,BOS,0.573170731707317
2002,ATL,0.6296296296296297
2002,CHC,0.4146341463414634
2002,SDP,0.40853658536585363
2001,CIN,0.40853658536585363
2001,SEA,0.7134146341463414
2001,MIL,0.42073170731707316
2001,LAD,0.5304878048780488
2001,PHI,0.5304878048780488
2001,TEX,0.45121951219512196
2001,MIN,0.524390243902439
2001,STL,0.573170731707317
2001,OAK,0.6280487804878049
2001,FLA,0.4695121951219512
2001,ANA,0.4634146341463415
2001,KCR,0.4024390243902439
2001,BAL,0.39263803680981596
2001,CLE,0.5609756097560976
2001,ARI,0.5670731707317073
2001,HOU,0.573170731707317
2001,PIT,0.38414634146341464
2001,NYM,0.5060975609756098
2001,WSN,0.42073170731707316
2001,NYY,0.5925925925925926
2001,TOR,0.49390243902439024
2001,COL,0.45121951219512196
2001,CHW,0.5121951219512195
2001,SFG,0.5548780487804879
2001,DET,0.40853658536585363
2001,TBD,0.38414634146341464
2001,BOS,0.50920245398773
2001,ATL,0.5426829268292683
2001,CHC,0.5426829268292683
2001,SDP,0.4878048780487805
2000,CIN,0.524390243902439
2000,SEA,0.5609756097560976
2000,MIL,0.45121951219512196
2000,LAD,0.5304878048780488
2000,PHI,0.4024390243902439
2000,TEX,0.43902439024390244
2000,MIN,0.4268292682926829
2000,STL,0.5853658536585366
2000,OAK,0.5644171779141104
2000,ANA,0.5060975609756098
2000,FLA,0.49079754601226994
2000,KCR,0.47560975609756095
2000,BAL,0.4573170731707317
2000,CLE,0.5548780487804879
2000,ARI,0.524390243902439
2000,HOU,0.4451219512195122
2000,PIT,0.4268292682926829
2000,NYM,0.5792682926829268
2000,WSN,0.4146341463414634
2000,NYY,0.5398773006134969
2000,TOR,0.5121951219512195
2000,COL,0.5060975609756098
2000,CHW,0.5853658536585366
2000,DET,0.4878048780487805
2000,TBD,0.4294478527607362
2000,SFG,0.5975609756097561
2000,BOS,0.524390243902439
2000,ATL,0.5853658536585366
2000,CHC,0.4024390243902439
2000,SDP,0.4695121951219512
1999,CIN,0.5878787878787879
1999,SEA,0.4878048780487805
1999,MIL,0.4601226993865031
1999,LAD,0.47560975609756095
1999,PHI,0.47560975609756095
1999,TEX,0.5853658536585366
1999,MIN,0.3950617283950617
1999,STL,0.4662576687116564
1999,OAK,0.5365853658536586
1999,ANA,0.4329268292682927
1999,FLA,0.39634146341463417
1999,KCR,0.3987730061349693
1999,BAL,0.4817073170731707
1999,CLE,0.5975609756097561
1999,ARI,0.6158536585365854
1999,HOU,0.5975609756097561
1999,PIT,0.48466257668711654
1999,NYM,0.593939393939394
1999,WSN,0.42073170731707316
1999,NYY,0.6036585365853658
1999,TOR,0.5182926829268293
1999,COL,0.4451219512195122
1999,CHW,0.4662576687116564
1999,SFG,0.5304878048780488
1999,TBD,0.4268292682926829
1999,DET,0.4294478527607362
1999,BOS,0.5792682926829268
1999,ATL,0.6341463414634146
1999,CHC,0.4146341463414634
1999,SDP,0.4573170731707317
1998,CIN,0.47560975609756095
1998,SEA,0.4723926380368098
1998,LAD,0.5121951219512195
1998,MIL,0.4573170731707317
1998,PHI,0.4634146341463415
1998,TEX,0.5426829268292683
1998,MIN,0.4329268292682927
1998,STL,0.5121951219512195
1998,OAK,0.4573170731707317
1998,FLA,0.3353658536585366
1998,ANA,0.524390243902439
1998,KCR,0.44785276073619634
1998,BAL,0.4878048780487805
1998,CLE,0.5487804878048781
1998,ARI,0.4024390243902439
1998,HOU,0.6280487804878049
1998,PIT,0.4268292682926829
1998,NYM,0.5426829268292683
1998,WSN,0.4024390243902439
1998,NYY,0.7012195121951219
1998,TOR,0.5426829268292683
1998,COL,0.47560975609756095
1998,CHW,0.49390243902439024
1998,SFG,0.5454545454545454
1998,TBD,0.3902439024390244
1998,DET,0.4024390243902439
1998,BOS,0.5670731707317073
1998,ATL,0.6524390243902439
1998,CHC,0.5515151515151515
1998,SDP,0.6036585365853658
1997,CIN,0.4695121951219512
1997,SEA,0.5548780487804879
1997,MIL,0.48466257668711654
1997,LAD,0.5426829268292683
1997,PHI,0.42073170731707316
1997,TEX,0.47560975609756095
1997,MIN,0.42073170731707316
1997,STL,0.45121951219512196
1997,OAK,0.4024390243902439
1997,ANA,0.5182926829268293
1997,FLA,0.5670731707317073
1997,KCR,0.4171779141104294
1997,BAL,0.6036585365853658
1997,CLE,0.5337423312883436
1997,HOU,0.5182926829268293
1997,PIT,0.4878048780487805
1997,NYM,0.5426829268292683
1997,WSN,0.4817073170731707
1997,NYY,0.5914634146341463
1997,TOR,0.4695121951219512
1997,COL,0.5121951219512195
1997,CHW,0.49693251533742333
1997,SFG,0.5548780487804879
1997,DET,0.4878048780487805
1997,BOS,0.4817073170731707
1997,ATL,0.6219512195121951
1997,CHC,0.42073170731707316
1997,SDP,0.4695121951219512
1996,CIN,0.5
1996,SEA,0.5276073619631901
1996,LAD,0.5548780487804879
1996,MIL,0.49390243902439024
1996,PHI,0.4146341463414634
1996,TEX,0.5548780487804879
1996,MIN,0.4817073170731707
1996,STL,0.5426829268292683
1996,OAK,0.4817073170731707
1996,FLA,0.49390243902439024
1996,ANA,0.43558282208588955
1996,KCR,0.4662576687116564
1996,BAL,0.5426829268292683
1996,CLE,0.6134969325153374
1996,HOU,0.5060975609756098
1996,PIT,0.45121951219512196
1996,NYM,0.43902439024390244
1996,WSN,0.5426829268292683
1996,NYY,0.5670731707317073
1996,TOR,0.4573170731707317
1996,COL,0.5121951219512195
1996,CHW,0.524390243902439
1996,SFG,0.42073170731707316
1996,DET,0.32926829268292684
1996,BOS,0.524390243902439
1996,ATL,0.5914634146341463
1996,CHC,0.4695121951219512
1996,SDP,0.5609756097560976
1995,CIN,0.589041095890411
1995,SEA,0.54421768707483
1995,MIL,0.4520547945205479
1995,LAD,0.541095890410959
1995,PHI,0.4794520547945205
1995,TEX,0.5136986301369864
1995,MIN,0.3904109589041096
1995,STL,0.43448275862068964
1995,OAK,0.4657534246575342
1995,ANA,0.5374149659863946
1995,FLA,0.4689655172413793
1995,KCR,0.4863013698630137
1995,BAL,0.4931506849315068
1995,CLE,0.6917808219178082
1995,HOU,0.5273972602739726
1995,PIT,0.4041095890410959
1995,NYM,0.4794520547945205
1995,WSN,0.4589041095890411
1995,NYY,0.547945205479452
1995,TOR,0.3904109589041096
1995,COL,0.5342465753424658
1995,CHW,0.4726027397260274
1995,SFG,0.4657534246575342
1995,DET,0.4178082191780822
1995,BOS,0.5958904109589042
1995,ATL,0.6232876712328768
1995,CHC,0.5068493150684932
1995,SDP,0.4863013698630137
1994,CIN,0.5775862068965517
1994,SEA,0.43859649122807015
1994,MIL,0.46153846153846156
1994,LAD,0.5086206896551724
1994,PHI,0.4700854700854701
1994,TEX,0.45689655172413796
1994,MIN,0.46956521739130436
1994,STL,0.46551724137931033
1994,OAK,0.4482758620689655
1994,FLA,0.4444444444444444
1994,ANA,0.41025641025641024
1994,KCR,0.5555555555555556
1994,BAL,0.5614035087719298
1994,CLE,0.5826086956521739
1994,HOU,0.5726495726495726
1994,PIT,0.46551724137931033
1994,NYM,0.48695652173913045
1994,WSN,0.646551724137931
1994,NYY,0.6173913043478261
1994,TOR,0.47863247863247865
1994,COL,0.453781512605042
1994,CHW,0.591304347826087
1994,DET,0.46153846153846156
1994,SFG,0.47863247863247865
1994,BOS,0.4700854700854701
1994,ATL,0.5948275862068966
1994,CHC,0.43478260869565216
1994,SDP,0.40336134453781514
1993,CIN,0.45121951219512196
1993,SEA,0.5060975609756098
1993,LAD,0.5
1993,MIL,0.4268292682926829
1993,PHI,0.5975609756097561
1993,TEX,0.5304878048780488
1993,MIN,0.43902439024390244
1993,STL,0.5365853658536586
1993,OAK,0.42073170731707316
1993,FLA,0.39634146341463417
1993,ANA,0.43902439024390244
1993,KCR,0.5182926829268293
1993,BAL,0.524390243902439
1993,CLE,0.4695121951219512
1993,HOU,0.524390243902439
1993,PIT,0.4634146341463415
1993,NYM,0.36585365853658536
1993,WSN,0.5792682926829268
1993,NYY,0.5426829268292683
1993,TOR,0.5853658536585366
1993,COL,0.4146341463414634
1993,CHW,0.5792682926829268
1993,SFG,0.6341463414634146
1993,DET,0.524390243902439
1993,BOS,0.49390243902439024
1993,ATL,0.6402439024390244
1993,CHC,0.5182926829268293
1993,SDP,0.3780487804878049
1992,CIN,0.5548780487804879
1992,SEA,0.39634146341463417
1992,MIL,0.5670731707317073
1992,LAD,0.3902439024390244
1992,PHI,0.4329268292682927
1992,TEX,0.47560975609756095
1992,MIN,0.5548780487804879
1992,STL,0.5121951219512195
1992,OAK,0.5914634146341463
1992,ANA,0.4451219512195122
1992,KCR,0.4451219512195122
1992,BAL,0.5487804878048781
1992,CLE,0.4695121951219512
1992,HOU,0.5
1992,PIT,0.5914634146341463
1992,NYM,0.4451219512195122
1992,WSN,0.5365853658536586
1992,NYY,0.4695121951219512
1992,TOR,0.5914634146341463
1992,CHW,0.5304878048780488
1992,DET,0.4634146341463415
1992,SFG,0.4451219512195122
1992,BOS,0.45121951219512196
1992,ATL,0.6036585365853658
1992,CHC,0.4817073170731707
1992,SDP,0.5060975609756098
1991,CIN,0.4573170731707317
1991,SEA,0.5121951219512195
1991,LAD,0.573170731707317
1991,MIL,0.5121951219512195
1991,PHI,0.4817073170731707
1991,TEX,0.524390243902439
1991,MIN,0.5853658536585366
1991,STL,0.5182926829268293
1991,OAK,0.5182926829268293
1991,ANA,0.5
1991,KCR,0.5060975609756098
1991,BAL,0.4146341463414634
1991,CLE,0.35365853658536583
1991,HOU,0.4024390243902439
1991,PIT,0.6036585365853658
1991,NYM,0.4785276073619632
1991,WSN,0.44171779141104295
1991,NYY,0.43902439024390244
1991,TOR,0.5609756097560976
1991,CHW,0.5365853658536586
1991,SFG,0.4634146341463415
1991,DET,0.5182926829268293
1991,BOS,0.5182926829268293
1991,ATL,0.5792682926829268
1991,CHC,0.48148148148148145
1991,SDP,0.5182926829268293
1990,CIN,0.5609756097560976
1990,SEA,0.47560975609756095
1990,MIL,0.4573170731707317
1990,LAD,0.5304878048780488
1990,PHI,0.47560975609756095
1990,TEX,0.5121951219512195
1990,MIN,0.4573170731707317
1990,STL,0.4329268292682927
1990,OAK,0.6341463414634146
1990,ANA,0.49390243902439024
1990,KCR,0.4662576687116564
1990,BAL,0.4723926380368098
1990,CLE,0.47560975609756095
1990,HOU,0.4634146341463415
1990,PIT,0.5853658536585366
1990,NYM,0.5609756097560976
1990,WSN,0.524390243902439
1990,NYY,0.4146341463414634
1990,TOR,0.5304878048780488
1990,CHW,0.5792682926829268
1990,SFG,0.524390243902439
1990,DET,0.4878048780487805
1990,BOS,0.5426829268292683
1990,ATL,0.4024390243902439
1990,CHC,0.47560975609756095
1990,SDP,0.4634146341463415
1989,CIN,0.4634146341463415
1989,SEA,0.45121951219512196
1989,LAD,0.48148148148148145
1989,MIL,0.5
1989,PHI,0.4146341463414634
1989,TEX,0.5121951219512195
1989,MIN,0.49390243902439024
1989,STL,0.5304878048780488
1989,OAK,0.6097560975609756
1989,ANA,0.5609756097560976
1989,KCR,0.5670731707317073
1989,BAL,0.5365853658536586
1989,CLE,0.45121951219512196
1989,HOU,0.5304878048780488
1989,PIT,0.4573170731707317
1989,NYM,0.5365853658536586
1989,WSN,0.5
1989,NYY,0.4601226993865031
1989,TOR,0.5487804878048781
1989,CHW,0.4294478527607362
1989,DET,0.36585365853658536
1989,SFG,0.5670731707317073
1989,BOS,0.5121951219512195
1989,ATL,0.3950617283950617
1989,CHC,0.573170731707317
1989,SDP,0.5487804878048781
1988,CIN,0.5398773006134969
1988,SEA,0.4233128834355828
1988,LAD,0.5828220858895705
1988,MIL,0.5365853658536586
1988,PHI,0.4049079754601227
1988,TEX,0.43558282208588955
1988,MIN,0.5609756097560976
1988,STL,0.4695121951219512
1988,OAK,0.6402439024390244
1988,ANA,0.4634146341463415
1988,KCR,0.5214723926380368
1988,BAL,0.3374233128834356
1988,CLE,0.4817073170731707
1988,HOU,0.5060975609756098
1988,PIT,0.5308641975308642
1988,NYM,0.6234567901234568
1988,WSN,0.5
1988,NYY,0.5276073619631901
1988,TOR,0.5365853658536586
1988,CHW,0.44171779141104295
1988,DET,0.5426829268292683
1988,SFG,0.5121951219512195
1988,BOS,0.5487804878048781
1988,ATL,0.3395061728395062
1988,CHC,0.47560975609756095
1988,SDP,0.5153374233128835
1987,CIN,0.5182926829268293
1987,SEA,0.4817073170731707
1987,LAD,0.45121951219512196
1987,MIL,0.5609756097560976
1987,PHI,0.49390243902439024
1987,TEX,0.4634146341463415
1987,MIN,0.524390243902439
1987,STL,0.5853658536585366
1987,OAK,0.5
1987,ANA,0.4634146341463415
1987,KCR,0.5121951219512195
1987,BAL,0.4146341463414634
1987,CLE,0.3780487804878049
1987,HOU,0.4695121951219512
1987,PIT,0.49390243902439024
1987,NYM,0.5670731707317073
1987,WSN,0.5609756097560976
1987,NYY,0.5487804878048781
1987,TOR,0.5914634146341463
1987,CHW,0.47560975609756095
1987,SFG,0.5548780487804879
1987,DET,0.6036585365853658
1987,BOS,0.4817073170731707
1987,ATL,0.4294478527607362
1987,CHC,0.4723926380368098
1987,SDP,0.4024390243902439
1986,CIN,0.5304878048780488
1986,SEA,0.4146341463414634
1986,LAD,0.45121951219512196
1986,MIL,0.4785276073619632
1986,PHI,0.5337423312883436
1986,TEX,0.5365853658536586
1986,MIN,0.43902439024390244
1986,STL,0.49079754601226994
1986,OAK,0.4695121951219512
1986,ANA,0.5670731707317073
1986,KCR,0.4695121951219512
1986,BAL,0.45121951219512196
1986,CLE,0.5182926829268293
1986,HOU,0.5914634146341463
1986,PIT,0.39634146341463417
1986,NYM,0.6646341463414634
1986,WSN,0.48466257668711654
1986,NYY,0.5548780487804879
1986,TOR,0.5304878048780488
1986,CHW,0.4451219512195122
1986,SFG,0.5121951219512195
1986,DET,0.5365853658536586
1986,BOS,0.588957055214724
1986,ATL,0.44785276073619634
1986,CHC,0.4382716049382716
1986,SDP,0.4573170731707317
1985,CIN,0.5521472392638037
1985,SEA,0.4573170731707317
1985,LAD,0.5853658536585366
1985,MIL,0.44171779141104295
1985,PHI,0.4634146341463415
1985,TEX,0.38650306748466257
1985,MIN,0.47560975609756095
1985,STL,0.6219512195121951
1985,OAK,0.47560975609756095
1985,ANA,0.5548780487804879
1985,KCR,0.5609756097560976
1985,BAL,0.5153374233128835
1985,CLE,0.3719512195121951
1985,HOU,0.5121951219512195
1985,PIT,0.3558282208588957
1985,NYM,0.6036585365853658
1985,WSN,0.5214723926380368
1985,NYY,0.6012269938650306
1985,TOR,0.6134969325153374
1985,CHW,0.524390243902439
1985,SFG,0.38414634146341464
1985,DET,0.5214723926380368
1985,BOS,0.5
1985,ATL,0.40853658536585363
1985,CHC,0.4785276073619632
1985,SDP,0.5121951219512195
1984,CIN,0.4329268292682927
1984,SEA,0.4573170731707317
1984,MIL,0.4171779141104294
1984,LAD,0.4878048780487805
1984,PHI,0.5
1984,TEX,0.4294478527607362
1984,MIN,0.5
1984,STL,0.5182926829268293
1984,OAK,0.47560975609756095
1984,ANA,0.5
1984,KCR,0.5182926829268293
1984,BAL,0.524390243902439
1984,CLE,0.4634146341463415
1984,HOU,0.49390243902439024
1984,PIT,0.4634146341463415
1984,NYM,0.5548780487804879
1984,WSN,0.48466257668711654
1984,NYY,0.5365853658536586
1984,TOR,0.5487804878048781
1984,CHW,0.4573170731707317
1984,SFG,0.40853658536585363
1984,DET,0.6402439024390244
1984,BOS,0.5304878048780488
1984,ATL,0.49390243902439024
1984,CHC,0.5950920245398773
1984,SDP,0.5670731707317073
1983,CIN,0.4573170731707317
1983,SEA,0.3719512195121951
1983,LAD,0.5609756097560976
1983,MIL,0.5365853658536586
1983,PHI,0.5548780487804879
1983,TEX,0.47560975609756095
1983,MIN,0.4329268292682927
1983,STL,0.4878048780487805
1983,OAK,0.4573170731707317
1983,ANA,0.4329268292682927
1983,KCR,0.4878048780487805
1983,BAL,0.6036585365853658
1983,CLE,0.4329268292682927
1983,HOU,0.524390243902439
1983,PIT,0.5182926829268293
1983,NYM,0.42073170731707316
1983,WSN,0.5060975609756098
1983,NYY,0.5609756097560976
1983,TOR,0.5487804878048781
1983,CHW,0.6097560975609756
1983,DET,0.5670731707317073
1983,SFG,0.4878048780487805
1983,BOS,0.4817073170731707
1983,ATL,0.5426829268292683
1983,CHC,0.43902439024390244
1983,SDP,0.5
1982,CIN,0.3780487804878049
1982,SEA,0.4695121951219512
1982,LAD,0.5426829268292683
1982,MIL,0.5853658536585366
1982,PHI,0.5487804878048781
1982,TEX,0.39634146341463417
1982,MIN,0.3719512195121951
1982,STL,0.5670731707317073
1982,OAK,0.42073170731707316
1982,ANA,0.573170731707317
1982,KCR,0.5548780487804879
1982,BAL,0.5792682926829268
1982,CLE,0.4817073170731707
1982,HOU,0.47560975609756095
1982,PIT,0.5182926829268293
1982,NYM,0.4024390243902439
1982,WSN,0.5304878048780488
1982,NYY,0.4878048780487805
1982,TOR,0.4817073170731707
1982,CHW,0.5365853658536586
1982,SFG,0.5365853658536586
1982,DET,0.5121951219512195
1982,BOS,0.5487804878048781
1982,ATL,0.5487804878048781
1982,CHC,0.45121951219512196
1982,SDP,0.5
1981,CIN,0.6090909090909091
1981,SEA,0.40540540540540543
1981,MIL,0.5675675675675675
1981,LAD,0.5714285714285714
1981,PHI,0.5504587155963303
1981,TEX,0.5420560747663551
1981,MIN,0.3783783783783784
1981,STL,0.5769230769230769
1981,OAK,0.5855855855855856
1981,ANA,0.4642857142857143
1981,KCR,0.4857142857142857
1981,BAL,0.5607476635514018
1981,CLE,0.5047619047619047
1981,HOU,0.5535714285714286
1981,PIT,0.4519230769230769
1981,NYM,0.4
1981,WSN,0.5545454545454546
1981,NYY,0.5504587155963303
1981,TOR,0.35185185185185186
1981,CHW,0.5092592592592593
1981,SFG,0.504424778761062
1981,DET,0.5495495495495496
1981,BOS,0.5454545454545454
1981,ATL,0.4722222222222222
1981,CHC,0.37142857142857144
1981,SDP,0.375
1980,CIN,0.5487804878048781
1980,SEA,0.36585365853658536
1980,MIL,0.5304878048780488
1980,LAD,0.5636363636363636
1980,PHI,0.5609756097560976
1980,TEX,0.4723926380368098
1980,MIN,0.4785276073619632
1980,STL,0.4573170731707317
1980,OAK,0.5121951219512195
1980,ANA,0.4074074074074074
1980,KCR,0.5975609756097561
1980,BAL,0.6158536585365854
1980,CLE,0.49382716049382713
1980,HOU,0.5696969696969697
1980,PIT,0.5121951219512195
1980,NYM,0.4146341463414634
1980,WSN,0.5548780487804879
1980,NYY,0.6341463414634146
1980,TOR,0.4146341463414634
1980,CHW,0.4382716049382716
1980,SFG,0.4662576687116564
1980,DET,0.5182926829268293
1980,BOS,0.5185185185185185
1980,ATL,0.5030674846625767
1980,CHC,0.39634146341463417
1980,SDP,0.45121951219512196
1979,CIN,0.558282208588957
1979,SEA,0.4146341463414634
1979,LAD,0.4878048780487805
1979,MIL,0.588957055214724
1979,PHI,0.5182926829268293
1979,TEX,0.5121951219512195
1979,MIN,0.5060975609756098
1979,STL,0.5304878048780488
1979,OAK,0.3353658536585366
1979,ANA,0.5426829268292683
1979,KCR,0.524390243902439
1979,BAL,0.639751552795031
1979,CLE,0.5030674846625767
1979,HOU,0.5487804878048781
1979,PIT,0.6036585365853658
1979,NYM,0.3902439024390244
1979,WSN,0.5925925925925926
1979,NYY,0.5555555555555556
1979,TOR,0.32926829268292684
1979,CHW,0.45962732919254656
1979,DET,0.5246913580246914
1979,SFG,0.43902439024390244
1979,BOS,0.5679012345679012
1979,ATL,0.41358024691358025
1979,CHC,0.49390243902439024
1979,SDP,0.4233128834355828
1978,CIN,0.5705521472392638
1978,SEA,0.35185185185185186
1978,MIL,0.573170731707317
1978,LAD,0.5853658536585366
1978,PHI,0.5548780487804879
1978,TEX,0.5365853658536586
1978,MIN,0.45121951219512196
1978,STL,0.4268292682926829
1978,OAK,0.4268292682926829
1978,ANA,0.5365853658536586
1978,KCR,0.5670731707317073
1978,BAL,0.558282208588957
1978,CLE,0.43478260869565216
1978,HOU,0.4573170731707317
1978,PIT,0.5460122699386503
1978,NYM,0.40853658536585363
1978,WSN,0.4695121951219512
1978,NYY,0.6121212121212121
1978,TOR,0.36809815950920244
1978,CHW,0.44171779141104295
1978,DET,0.5304878048780488
1978,SFG,0.5487804878048781
1978,BOS,0.6060606060606061
1978,ATL,0.4268292682926829
1978,CHC,0.4878048780487805
1978,SDP,0.5182926829268293
1977,CIN,0.5426829268292683
1977,SEA,0.39634146341463417
1977,LAD,0.6036585365853658
1977,MIL,0.4146341463414634
1977,PHI,0.6219512195121951
1977,TEX,0.5792682926829268
1977,MIN,0.5214723926380368
1977,STL,0.5121951219512195
1977,OAK,0.39263803680981596
1977,ANA,0.4573170731707317
1977,KCR,0.6280487804878049
1977,BAL,0.6012269938650306
1977,CLE,0.44171779141104295
1977,HOU,0.5
1977,PIT,0.5914634146341463
1977,NYM,0.39634146341463417
1977,WSN,0.4634146341463415
1977,NYY,0.6158536585365854
1977,TOR,0.3374233128834356
1977,CHW,0.5548780487804879
1977,SFG,0.4634146341463415
1977,DET,0.4573170731707317
1977,BOS,0.6012269938650306
1977,ATL,0.3780487804878049
1977,CHC,0.5
1977,SDP,0.4268292682926829
1976,CIN,0.6280487804878049
1976,LAD,0.5670731707317073
1976,MIL,0.4110429447852761
1976,PHI,0.6219512195121951
1976,TEX,0.4695121951219512
1976,MIN,0.524390243902439
1976,STL,0.4451219512195122
1976,OAK,0.5398773006134969
1976,ANA,0.4695121951219512
1976,KCR,0.5548780487804879
1976,BAL,0.5426829268292683
1976,CLE,0.5093167701863354
1976,HOU,0.49390243902439024
1976,PIT,0.5670731707317073
1976,NYM,0.5304878048780488
1976,WSN,0.34146341463414637
1976,NYY,0.6086956521739131
1976,CHW,0.3987730061349693
1976,SFG,0.4573170731707317
1976,DET,0.4601226993865031
1976,BOS,0.5121951219512195
1976,ATL,0.4329268292682927
1976,CHC,0.4634146341463415
1976,SDP,0.45121951219512196
1975,CIN,0.6646341463414634
1975,MIL,0.42073170731707316
1975,LAD,0.5426829268292683
1975,PHI,0.5304878048780488
1975,TEX,0.4878048780487805
1975,MIN,0.4782608695652174
1975,STL,0.5060975609756098
1975,OAK,0.6036585365853658
1975,ANA,0.44785276073619634
1975,KCR,0.5609756097560976
1975,BAL,0.5652173913043478
1975,CLE,0.4968944099378882
1975,HOU,0.3987730061349693
1975,PIT,0.5705521472392638
1975,NYM,0.5060975609756098
1975,WSN,0.4634146341463415
1975,NYY,0.5185185185185185
1975,CHW,0.4662576687116564
1975,SFG,0.49693251533742333
1975,DET,0.36024844720496896
1975,BOS,0.5925925925925926
1975,ATL,0.4171779141104294
1975,CHC,0.4634146341463415
1975,SDP,0.43902439024390244
1974,CIN,0.6036585365853658
1974,MIL,0.4695121951219512
1974,LAD,0.6280487804878049
1974,PHI,0.49390243902439024
1974,TEX,0.5217391304347826
1974,MIN,0.5060975609756098
1974,STL,0.5337423312883436
1974,OAK,0.5548780487804879
1974,ANA,0.42073170731707316
1974,KCR,0.47560975609756095
1974,BAL,0.5609756097560976
1974,CLE,0.4785276073619632
1974,HOU,0.5
1974,PIT,0.5426829268292683
1974,NYM,0.43902439024390244
1974,WSN,0.49079754601226994
1974,NYY,0.5487804878048781
1974,CHW,0.5
1974,SFG,0.4451219512195122
1974,DET,0.4451219512195122
1974,BOS,0.5182926829268293
1974,ATL,0.5426829268292683
1974,CHC,0.40853658536585363
1974,SDP,0.3719512195121951
1973,CIN,0.6097560975609756
1973,MIL,0.4573170731707317
1973,LAD,0.588957055214724
1973,PHI,0.43902439024390244
1973,TEX,0.35365853658536583
1973,MIN,0.5
1973,STL,0.5
1973,OAK,0.5792682926829268
1973,ANA,0.4878048780487805
1973,KCR,0.5426829268292683
1973,BAL,0.5975609756097561
1973,CLE,0.43902439024390244
1973,HOU,0.5060975609756098
1973,PIT,0.49390243902439024
1973,NYM,0.50920245398773
1973,WSN,0.4878048780487805
1973,NYY,0.49390243902439024
1973,CHW,0.47560975609756095
1973,DET,0.524390243902439
1973,SFG,0.5426829268292683
1973,BOS,0.5487804878048781
1973,ATL,0.4723926380368098
1973,CHC,0.4785276073619632
1973,SDP,0.3719512195121951
1972,CIN,0.6153846153846154
1972,LAD,0.5477707006369427
1972,MIL,0.4177215189873418
1972,PHI,0.379746835443038
1972,TEX,0.3525641025641026
1972,MIN,0.5
1972,STL,0.4810126582278481
1972,OAK,0.5987261146496815
1972,ANA,0.4840764331210191
1972,KCR,0.4935897435897436
1972,BAL,0.5192307692307693
1972,CLE,0.4620253164556962
1972,HOU,0.5483870967741935
1972,PIT,0.6178343949044586
1972,NYM,0.5316455696202531
1972,WSN,0.44936708860759494
1972,NYY,0.5095541401273885
1972,CHW,0.5641025641025641
1972,SFG,0.445859872611465
1972,DET,0.5506329113924051
1972,BOS,0.5477707006369427
1972,ATL,0.4551282051282051
1972,CHC,0.5477707006369427
1972,SDP,0.38064516129032255
1971,CIN,0.4878048780487805
1971,LAD,0.5487804878048781
1971,MIL,0.4294478527607362
1971,PHI,0.4146341463414634
1971,TEX,0.40372670807453415
1971,MIN,0.46296296296296297
1971,STL,0.5548780487804879
1971,OAK,0.6257668711656442
1971,ANA,0.4695121951219512
1971,KCR,0.5276073619631901
1971,BAL,0.6375
1971,CLE,0.3719512195121951
1971,HOU,0.4878048780487805
1971,PIT,0.5975609756097561
1971,NYM,0.5121951219512195
1971,WSN,0.44171779141104295
1971,NYY,0.5
1971,CHW,0.4878048780487805
1971,DET,0.5609756097560976
1971,SFG,0.5548780487804879
1971,BOS,0.524390243902439
1971,ATL,0.5060975609756098
1971,CHC,0.5121951219512195
1971,SDP,0.3803680981595092
1970,CIN,0.6280487804878049
1970,MIL,0.4024390243902439
1970,LAD,0.5398773006134969
1970,PHI,0.4539877300613497
1970,TEX,0.4329268292682927
1970,MIN,0.6036585365853658
1970,STL,0.4695121951219512
1970,OAK,0.5487804878048781
1970,ANA,0.5304878048780488
1970,KCR,0.4024390243902439
1970,BAL,0.6646341463414634
1970,CLE,0.4695121951219512
1970,HOU,0.4878048780487805
1970,PIT,0.5487804878048781
1970,NYM,0.5121951219512195
1970,WSN,0.45121951219512196
1970,NYY,0.573170731707317
1970,CHW,0.3475609756097561
1970,DET,0.4878048780487805
1970,SFG,0.5304878048780488
1970,BOS,0.5365853658536586
1970,ATL,0.4695121951219512
1970,CHC,0.5182926829268293
1970,SDP,0.3902439024390244
1969,CIN,0.5487804878048781
1969,LAD,0.524390243902439
1969,MIL,0.39634146341463417
1969,PHI,0.3902439024390244
1969,TEX,0.5304878048780488
1969,MIN,0.5975609756097561
1969,STL,0.5365853658536586
1969,OAK,0.5426829268292683
1969,ANA,0.43902439024390244
1969,KCR,0.4268292682926829
1969,BAL,0.6707317073170732
1969,CLE,0.38650306748466257
1969,HOU,0.5
1969,PIT,0.5426829268292683
1969,NYM,0.6158536585365854
1969,WSN,0.3231707317073171
1969,NYY,0.49693251533742333
1969,CHW,0.42073170731707316
1969,SFG,0.5548780487804879
1969,DET,0.5548780487804879
1969,BOS,0.5365853658536586
1969,ATL,0.573170731707317
1969,CHC,0.5670731707317073
1969,SDP,0.3231707317073171
1968,CIN,0.5121951219512195
1968,LAD,0.4695121951219512
1968,PHI,0.4695121951219512
1968,TEX,0.4049079754601227
1968,MIN,0.4878048780487805
1968,STL,0.5975609756097561
1968,OAK,0.5060975609756098
1968,ANA,0.4146341463414634
1968,BAL,0.5609756097560976
1968,CLE,0.5337423312883436
1968,HOU,0.4451219512195122
1968,PIT,0.49390243902439024
1968,NYM,0.45121951219512196
1968,NYY,0.5121951219512195
1968,CHW,0.4146341463414634
1968,SFG,0.5426829268292683
1968,DET,0.6341463414634146
1968,BOS,0.5304878048780488
1968,ATL,0.5
1968,CHC,0.5182926829268293
1967,CIN,0.5365853658536586
1967,LAD,0.45121951219512196
1967,PHI,0.5060975609756098
1967,TEX,0.4723926380368098
1967,MIN,0.5609756097560976
1967,STL,0.6257668711656442
1967,OAK,0.38650306748466257
1967,ANA,0.5214723926380368
1967,BAL,0.4723926380368098
1967,CLE,0.4634146341463415
1967,HOU,0.4268292682926829
1967,PIT,0.5
1967,NYM,0.3780487804878049
1967,NYY,0.4451219512195122
1967,CHW,0.5487804878048781
1967,DET,0.5609756097560976
1967,SFG,0.5609756097560976
1967,BOS,0.5670731707317073
1967,ATL,0.47560975609756095
1967,CHC,0.5398773006134969
1966,CIN,0.47530864197530864
1966,LAD,0.5853658536585366
1966,PHI,0.5365853658536586
1966,TEX,0.4472049689440994
1966,MIN,0.5487804878048781
1966,STL,0.5121951219512195
1966,OAK,0.46296296296296297
1966,ANA,0.49390243902439024
1966,BAL,0.6049382716049383
1966,CLE,0.5
1966,HOU,0.4451219512195122
1966,PIT,0.5670731707317073
1966,NYM,0.4110429447852761
1966,NYY,0.4409937888198758
1966,CHW,0.5121951219512195
1966,DET,0.5426829268292683
1966,SFG,0.5766871165644172
1966,BOS,0.4451219512195122
1966,ATL,0.524390243902439
1966,CHC,0.36585365853658536
1965,CIN,0.5487804878048781
1965,LAD,0.5975609756097561
1965,PHI,0.5276073619631901
1965,TEX,0.4329268292682927
1965,MIN,0.6280487804878049
1965,STL,0.49693251533742333
1965,OAK,0.36585365853658536
1965,ANA,0.4634146341463415
1965,BAL,0.5792682926829268
1965,CLE,0.5365853658536586
1965,HOU,0.4024390243902439
1965,PIT,0.5548780487804879
1965,NYM,0.31097560975609756
1965,NYY,0.47560975609756095
1965,CHW,0.5853658536585366
1965,SFG,0.5853658536585366
1965,DET,0.5487804878048781
1965,BOS,0.38414634146341464
1965,ATL,0.5304878048780488
1965,CHC,0.4451219512195122
1964,CIN,0.5670731707317073
1964,LAD,0.49390243902439024
1964,PHI,0.5670731707317073
1964,TEX,0.38414634146341464
1964,MIN,0.4878048780487805
1964,STL,0.573170731707317
1964,OAK,0.35365853658536583
1964,ANA,0.5060975609756098
1964,BAL,0.5975609756097561
1964,CLE,0.4878048780487805
1964,HOU,0.40853658536585363
1964,PIT,0.49390243902439024
1964,NYM,0.32926829268292684
1964,NYY,0.6097560975609756
1964,CHW,0.6036585365853658
1964,SFG,0.5548780487804879
1964,DET,0.524390243902439
1964,BOS,0.4451219512195122
1964,ATL,0.5426829268292683
1964,CHC,0.4695121951219512
1963,CIN,0.5304878048780488
1963,LAD,0.6097560975609756
1963,PHI,0.5365853658536586
1963,TEX,0.3475609756097561
1963,MIN,0.5644171779141104
1963,STL,0.573170731707317
1963,OAK,0.45121951219512196
1963,ANA,0.43558282208588955
1963,BAL,0.5304878048780488
1963,CLE,0.4878048780487805
1963,HOU,0.40853658536585363
1963,PIT,0.4573170731707317
1963,NYM,0.3170731707317073
1963,NYY,0.6441717791411042
1963,CHW,0.5792682926829268
1963,SFG,0.5426829268292683
1963,DET,0.4878048780487805
1963,BOS,0.4723926380368098
1963,ATL,0.5182926829268293
1963,CHC,0.5060975609756098
1962,CIN,0.6036585365853658
1962,LAD,0.6167664670658682
1962,PHI,0.5030674846625767
1962,TEX,0.37423312883435583
1962,MIN,0.5609756097560976
1962,STL,0.5182926829268293
1962,OAK,0.4451219512195122
1962,ANA,0.5304878048780488
1962,BAL,0.47560975609756095
1962,CLE,0.49390243902439024
1962,HOU,0.4012345679012346
1962,PIT,0.5766871165644172
1962,NYM,0.25308641975308643
1962,NYY,0.5914634146341463
1962,CHW,0.524390243902439
1962,SFG,0.6227544910179641
1962,DET,0.5276073619631901
1962,BOS,0.47530864197530864
1962,ATL,0.5304878048780488
1962,CHC,0.36585365853658536
1961,CIN,0.6025641025641025
1961,PIT,0.48717948717948717
1961,LAD,0.5769230769230769
1961,PHI,0.3076923076923077
1961,TEX,0.3803680981595092
1961,NYY,0.6707317073170732
1961,MIN,0.4382716049382716
1961,STL,0.5192307692307693
1961,OAK,0.3803680981595092
1961,ANA,0.43558282208588955
1961,CHW,0.5304878048780488
1961,DET,0.6219512195121951
1961,SFG,0.5512820512820513
1961,BOS,0.4695121951219512
1961,ATL,0.5384615384615384
1961,CHC,0.4166666666666667
1961,BAL,0.5853658536585366
1961,CLE,0.48466257668711654
1960,CIN,0.4358974358974359
1960,PIT,0.6153846153846154
1960,LAD,0.532051282051282
1960,PHI,0.38461538461538464
1960,NYY,0.6282051282051282
1960,MIN,0.47435897435897434
1960,STL,0.5576923076923077
1960,OAK,0.3782051282051282
1960,CHW,0.5641025641025641
1960,SFG,0.5128205128205128
1960,DET,0.46153846153846156
1960,BOS,0.4230769230769231
1960,ATL,0.5705128205128205
1960,CHC,0.391025641025641
1960,BAL,0.5769230769230769
1960,CLE,0.4935897435897436
1959,CIN,0.4807692307692308
1959,PIT,0.5064102564102564
1959,LAD,0.5632911392405063
1959,PHI,0.4166666666666667
1959,NYY,0.5128205128205128
1959,MIN,0.41025641025641024
1959,STL,0.46153846153846156
1959,OAK,0.42948717948717946
1959,CHW,0.6089743589743589
1959,DET,0.4935897435897436
1959,SFG,0.5384615384615384
1959,BOS,0.48717948717948717
1959,ATL,0.5506329113924051
1959,CHC,0.4807692307692308
1959,BAL,0.4807692307692308
1959,CLE,0.5769230769230769
1958,CIN,0.4935897435897436
1958,PIT,0.5448717948717948
1958,LAD,0.46153846153846156
1958,PHI,0.44871794871794873
1958,NYY,0.5961538461538461
1958,MIN,0.3974358974358974
1958,STL,0.46794871794871795
1958,OAK,0.47435897435897434
1958,CHW,0.532051282051282
1958,SFG,0.5192307692307693
1958,DET,0.5
1958,BOS,0.5128205128205128
1958,ATL,0.5961538461538461
1958,CHC,0.46794871794871795
1958,BAL,0.4838709677419355
1958,CLE,0.5032258064516129
1957,CIN,0.5192307692307693
1957,PIT,0.40384615384615385
1957,LAD,0.5448717948717948
1957,PHI,0.5
1957,NYY,0.6346153846153846
1957,MIN,0.358974358974359
1957,STL,0.5641025641025641
1957,OAK,0.3870967741935484
1957,CHW,0.5833333333333334
1957,DET,0.5064102564102564
1957,SFG,0.44871794871794873
1957,BOS,0.532051282051282
1957,ATL,0.6153846153846154
1957,CHC,0.40384615384615385
1957,BAL,0.5
1957,CLE,0.4967741935483871
1956,CIN,0.5897435897435898
1956,PIT,0.42948717948717946
1956,LAD,0.6025641025641025
1956,PHI,0.46153846153846156
1956,NYY,0.6282051282051282
1956,MIN,0.38461538461538464
1956,STL,0.4935897435897436
1956,OAK,0.33974358974358976
1956,CHW,0.5512820512820513
1956,DET,0.532051282051282
1956,SFG,0.4358974358974359
1956,BOS,0.5448717948717948
1956,ATL,0.5961538461538461
1956,CHC,0.391025641025641
1956,BAL,0.44871794871794873
1956,CLE,0.5705128205128205
1955,CIN,0.48717948717948717
1955,PIT,0.391025641025641
1955,LAD,0.6387096774193548
1955,PHI,0.5
1955,NYY,0.6217948717948718
1955,MIN,0.34615384615384615
1955,STL,0.4423076923076923
1955,OAK,0.41025641025641024
1955,CHW,0.5897435897435898
1955,SFG,0.5192307692307693
1955,DET,0.5128205128205128
1955,BOS,0.5448717948717948
1955,ATL,0.5512820512820513
1955,CHC,0.47096774193548385
1955,BAL,0.3717948717948718
1955,CLE,0.6025641025641025
1954,CIN,0.4807692307692308
1954,PIT,0.34615384615384615
1954,LAD,0.5961538461538461
1954,PHI,0.4838709677419355
1954,NYY,0.6666666666666666
1954,MIN,0.42948717948717946
1954,STL,0.47096774193548385
1954,OAK,0.3333333333333333
1954,CHW,0.6089743589743589
1954,SFG,0.6282051282051282
1954,DET,0.4423076923076923
1954,BOS,0.44871794871794873
1954,ATL,0.5769230769230769
1954,CHC,0.4166666666666667
1954,BAL,0.3525641025641026
1954,CLE,0.717948717948718
1953,CIN,0.4423076923076923
1953,PIT,0.3269230769230769
1953,LAD,0.6794871794871795
1953,PHI,0.5384615384615384
1953,NYY,0.6535947712418301
1953,MIN,0.5
1953,STL,0.5384615384615384
1953,OAK,0.38461538461538464
1953,CHW,0.5769230769230769
1953,DET,0.391025641025641
1953,SFG,0.4551282051282051
1953,BOS,0.5483870967741935
1953,ATL,0.5961538461538461
1953,CHC,0.4230769230769231
1953,BAL,0.3525641025641026
1953,CLE,0.5961538461538461
1952,CIN,0.44871794871794873
1952,PIT,0.27564102564102566
1952,LAD,0.6258064516129033
1952,PHI,0.5641025641025641
1952,NYY,0.6153846153846154
1952,MIN,0.5064102564102564
1952,STL,0.5705128205128205
1952,OAK,0.5128205128205128
1952,CHW,0.5256410256410257
1952,SFG,0.5961538461538461
1952,DET,0.3269230769230769
1952,BOS,0.4935897435897436
1952,ATL,0.41935483870967744
1952,CHC,0.5
1952,BAL,0.4166666666666667
1952,CLE,0.6025641025641025
1951,CIN,0.4423076923076923
1951,PIT,0.4166666666666667
1951,LAD,0.6163522012578616
1951,PHI,0.47435897435897434
1951,NYY,0.6346153846153846
1951,MIN,0.40384615384615385
1951,STL,0.5256410256410257
1951,OAK,0.4551282051282051
1951,CHW,0.5256410256410257
1951,SFG,0.6226415094339622
1951,DET,0.47435897435897434
1951,BOS,0.5641025641025641
1951,ATL,0.4935897435897436
1951,CHC,0.40384615384615385
1951,BAL,0.33974358974358976
1951,CLE,0.6025641025641025
1950,CIN,0.432258064516129
1950,PIT,0.3741935483870968
1950,LAD,0.5769230769230769
1950,PHI,0.5897435897435898
1950,NYY,0.6346153846153846
1950,MIN,0.4358974358974359
1950,STL,0.5096774193548387
1950,OAK,0.33974358974358976
1950,CHW,0.391025641025641
1950,SFG,0.5576923076923077
1950,DET,0.6153846153846154
1950,BOS,0.6089743589743589
1950,ATL,0.5384615384615384
1950,CHC,0.41935483870967744
1950,BAL,0.3782051282051282
1950,CLE,0.5961538461538461
1949,CIN,0.40384615384615385
1949,PIT,0.46153846153846156
1949,LAD,0.6282051282051282
1949,PHI,0.5256410256410257
1949,NYY,0.6282051282051282
1949,MIN,0.3269230769230769
1949,STL,0.6217948717948718
1949,OAK,0.5256410256410257
1949,CHW,0.41025641025641024
1949,SFG,0.47435897435897434
1949,DET,0.5641025641025641
1949,BOS,0.6217948717948718
1949,ATL,0.48717948717948717
1949,CHC,0.3974358974358974
1949,BAL,0.34615384615384615
1949,CLE,0.5769230769230769
1948,CIN,0.41935483870967744
1948,PIT,0.5384615384615384
1948,LAD,0.5448717948717948
1948,PHI,0.42948717948717946
1948,NYY,0.6089743589743589
1948,MIN,0.36774193548387096
1948,STL,0.5512820512820513
1948,OAK,0.5448717948717948
1948,CHW,0.33766233766233766
1948,SFG,0.5064102564102564
1948,DET,0.5064102564102564
1948,BOS,0.6178343949044586
1948,ATL,0.5935483870967742
1948,CHC,0.4166666666666667
1948,BAL,0.3870967741935484
1948,CLE,0.6242038216560509
1947,CIN,0.47435897435897434
1947,PIT,0.40384615384615385
1947,LAD,0.6089743589743589
1947,PHI,0.40384615384615385
1947,NYY,0.6282051282051282
1947,MIN,0.4166666666666667
1947,STL,0.5769230769230769
1947,OAK,0.5064102564102564
1947,CHW,0.4551282051282051
1947,DET,0.5512820512820513
1947,SFG,0.5256410256410257
1947,BOS,0.5384615384615384
1947,ATL,0.5576923076923077
1947,CHC,0.44871794871794873
1947,BAL,0.38461538461538464
1947,CLE,0.5192307692307693
1946,CIN,0.4358974358974359
1946,PIT,0.41025641025641024
1946,LAD,0.6139240506329114
1946,PHI,0.44871794871794873
1946,NYY,0.5641025641025641
1946,MIN,0.4935897435897436
1946,STL,0.6265822784810127
1946,OAK,0.32051282051282054
1946,CHW,0.4807692307692308
1946,SFG,0.3974358974358974
1946,DET,0.5961538461538461
1946,BOS,0.6730769230769231
1946,ATL,0.5290322580645161
1946,CHC,0.535483870967742
1946,BAL,0.42948717948717946
1946,CLE,0.4423076923076923
1945,CIN,0.3974358974358974
1945,PIT,0.532051282051282
1945,LAD,0.5641025641025641
1945,PHI,0.30128205128205127
1945,NYY,0.5324675324675324
1945,MIN,0.5641025641025641
1945,STL,0.6153846153846154
1945,OAK,0.34868421052631576
1945,CHW,0.4768211920529801
1945,DET,0.5741935483870968
1945,SFG,0.512987012987013
1945,BOS,0.46153846153846156
1945,ATL,0.44155844155844154
1945,CHC,0.6346153846153846
1945,BAL,0.5359477124183006
1945,CLE,0.5034013605442177
1944,CIN,0.5769230769230769
1944,PIT,0.5870967741935483
1944,LAD,0.41025641025641024
1944,PHI,0.4
1944,NYY,0.5384615384615384
1944,MIN,0.4166666666666667
1944,STL,0.6794871794871795
1944,OAK,0.46794871794871795
1944,CHW,0.46153846153846156
1944,SFG,0.4358974358974359
1944,DET,0.5705128205128205
1944,BOS,0.5
1944,ATL,0.4230769230769231
1944,CHC,0.48717948717948717
1944,BAL,0.5769230769230769
1944,CLE,0.46794871794871795
1943,CIN,0.5641025641025641
1943,PIT,0.5192307692307693
1943,LAD,0.5290322580645161
1943,PHI,0.4166666666666667
1943,NYY,0.6346153846153846
1943,MIN,0.5483870967741935
1943,STL,0.6794871794871795
1943,OAK,0.32051282051282054
1943,CHW,0.532051282051282
1943,SFG,0.36129032258064514
1943,DET,0.5064102564102564
1943,BOS,0.44805194805194803
1943,ATL,0.44516129032258067
1943,CHC,0.4838709677419355
1943,BAL,0.474025974025974
1943,CLE,0.535483870967742
1942,CIN,0.5
1942,PIT,0.44966442953020136
1942,LAD,0.6730769230769231
1942,PHI,0.28104575163398693
1942,NYY,0.6666666666666666
1942,MIN,0.4117647058823529
1942,STL,0.6858974358974359
1942,OAK,0.358974358974359
1942,CHW,0.44666666666666666
1942,SFG,0.564935064935065
1942,DET,0.47435897435897434
1942,BOS,0.6103896103896104
1942,ATL,0.3933333333333333
1942,CHC,0.4423076923076923
1942,BAL,0.5424836601307189
1942,CLE,0.48717948717948717
1941,CIN,0.5705128205128205
1941,PIT,0.5256410256410257
1941,LAD,0.6474358974358975
1941,PHI,0.28205128205128205
1941,NYY,0.6538461538461539
1941,MIN,0.46153846153846156
1941,STL,0.632258064516129
1941,OAK,0.4166666666666667
1941,CHW,0.5
1941,DET,0.48717948717948717
1941,SFG,0.4838709677419355
1941,BOS,0.5384615384615384
1941,ATL,0.40384615384615385
1941,CHC,0.4551282051282051
1941,BAL,0.4551282051282051
1941,CLE,0.48717948717948717
1940,CIN,0.6516129032258065
1940,PIT,0.5064102564102564
1940,LAD,0.5741935483870968
1940,PHI,0.32903225806451614
1940,NYY,0.5668789808917197
1940,MIN,0.4166666666666667
1940,STL,0.5483870967741935
1940,OAK,0.3525641025641026
1940,CHW,0.535031847133758
1940,SFG,0.474025974025974
1940,DET,0.5833333333333334
1940,BOS,0.532051282051282
1940,ATL,0.42857142857142855
1940,CHC,0.48717948717948717
1940,BAL,0.4358974358974359
1940,CLE,0.5769230769230769
1939,CIN,0.6282051282051282
1939,PIT,0.44516129032258067
1939,LAD,0.5483870967741935
1939,PHI,0.3006535947712418
1939,NYY,0.6993464052287581
1939,MIN,0.4258064516129032
1939,STL,0.6
1939,OAK,0.36363636363636365
1939,CHW,0.554140127388535
1939,DET,0.5256410256410257
1939,SFG,0.5098039215686274
1939,BOS,0.5882352941176471
1939,ATL,0.41830065359477125
1939,CHC,0.5448717948717948
1939,BAL,0.28205128205128205
1939,CLE,0.5641025641025641
1938,CIN,0.5460526315789473
1938,PIT,0.5723684210526315
1938,LAD,0.46357615894039733
1938,PHI,0.3026315789473684
1938,NYY,0.6493506493506493
1938,MIN,0.49673202614379086
1938,STL,0.47058823529411764
1938,OAK,0.35064935064935066
1938,CHW,0.44
1938,SFG,0.5526315789473685
1938,DET,0.5448717948717948
1938,BOS,0.5894039735099338
1938,ATL,0.5064935064935064
1938,CHC,0.5844155844155844
1938,BAL,0.36363636363636365
1938,CLE,0.564935064935065
1937,CIN,0.36538461538461536
1937,PIT,0.5576923076923077
1937,LAD,0.4064516129032258
1937,PHI,0.4025974025974026
1937,NYY,0.6624203821656051
1937,MIN,0.4774193548387097
1937,STL,0.5225806451612903
1937,OAK,0.35947712418300654
1937,CHW,0.5576923076923077
1937,DET,0.5769230769230769
1937,SFG,0.6233766233766234
1937,BOS,0.525974025974026
1937,ATL,0.5194805194805194
1937,CHC,0.6025641025641025
1937,BAL,0.30128205128205127
1937,CLE,0.535031847133758
1936,CIN,0.4807692307692308
1936,PIT,0.5448717948717948
1936,LAD,0.4358974358974359
1936,PHI,0.3525641025641026
1936,NYY,0.6645161290322581
1936,MIN,0.535483870967742
1936,STL,0.5641025641025641
1936,OAK,0.34838709677419355
1936,CHW,0.5359477124183006
1936,DET,0.5384615384615384
1936,SFG,0.5961538461538461
1936,BOS,0.4807692307692308
1936,ATL,0.46153846153846156
1936,CHC,0.5641025641025641
1936,BAL,0.37662337662337664
1936,CLE,0.5192307692307693
1935,CIN,0.44516129032258067
1935,PIT,0.5612903225806452
1935,LAD,0.45806451612903226
1935,PHI,0.41935483870967744
1935,NYY,0.5960264900662252
1935,MIN,0.43870967741935485
1935,STL,0.6217948717948718
1935,OAK,0.39072847682119205
1935,CHW,0.487012987012987
1935,SFG,0.5935483870967742
1935,DET,0.6143790849673203
1935,BOS,0.5096774193548387
1935,ATL,0.25161290322580643
1935,CHC,0.6474358974358975
1935,BAL,0.42857142857142855
1935,CLE,0.535483870967742
1934,CIN,0.3464052287581699
1934,PIT,0.4934210526315789
1934,LAD,0.4675324675324675
1934,PHI,0.37748344370860926
1934,NYY,0.6089743589743589
1934,MIN,0.43506493506493504
1934,STL,0.6193548387096774
1934,OAK,0.45394736842105265
1934,CHW,0.35064935064935066
1934,DET,0.6538461538461539
1934,SFG,0.6064516129032258
1934,BOS,0.5
1934,ATL,0.5163398692810458
1934,CHC,0.5686274509803921
1934,BAL,0.44155844155844154
1934,CLE,0.5512820512820513
1933,CIN,0.38311688311688313
1933,PIT,0.5641025641025641
1933,LAD,0.4258064516129032
1933,PHI,0.3961038961038961
1933,NYY,0.6052631578947368
1933,MIN,0.6493506493506493
1933,STL,0.535483870967742
1933,OAK,0.5228758169934641
1933,CHW,0.4473684210526316
1933,DET,0.48717948717948717
1933,SFG,0.5974025974025974
1933,BOS,0.423841059602649
1933,ATL,0.5384615384615384
1933,CHC,0.5576923076923077
1933,BAL,0.3660130718954248
1933,CLE,0.49673202614379086
1932,CIN,0.391025641025641
1932,PIT,0.5576923076923077
1932,LAD,0.5256410256410257
1932,PHI,0.5064102564102564
1932,NYY,0.6942675159235668
1932,MIN,0.6025641025641025
1932,STL,0.46794871794871795
1932,OAK,0.6089743589743589
1932,CHW,0.32679738562091504
1932,SFG,0.46794871794871795
1932,DET,0.5
1932,BOS,0.28205128205128205
1932,ATL,0.5
1932,CHC,0.5833333333333334
1932,BAL,0.41025641025641024
1932,CLE,0.5714285714285714
1931,CIN,0.3782051282051282
1931,PIT,0.48717948717948717
1931,LAD,0.5194805194805194
1931,PHI,0.42948717948717946
1931,NYY,0.6129032258064516
1931,MIN,0.5961538461538461
1931,STL,0.6538461538461539
1931,OAK,0.7012987012987013
1931,CHW,0.36774193548387096
1931,DET,0.3974358974358974
1931,SFG,0.5714285714285714
1931,BOS,0.4090909090909091
1931,ATL,0.4166666666666667
1931,CHC,0.5448717948717948
1931,BAL,0.41025641025641024
1931,CLE,0.5064102564102564
1930,CIN,0.38461538461538464
1930,PIT,0.5192307692307693
1930,LAD,0.5576923076923077
1930,PHI,0.33974358974358976
1930,NYY,0.5576923076923077
1930,MIN,0.6089743589743589
1930,STL,0.5961538461538461
1930,OAK,0.6602564102564102
1930,CHW,0.40384615384615385
1930,SFG,0.5641025641025641
1930,DET,0.48717948717948717
1930,BOS,0.33974358974358976
1930,ATL,0.4551282051282051
1930,CHC,0.5833333333333334
1930,BAL,0.4166666666666667
1930,CLE,0.5256410256410257
1929,CIN,0.42948717948717946
1929,PIT,0.5741935483870968
1929,LAD,0.45806451612903226
1929,PHI,0.4645161290322581
1929,NYY,0.5705128205128205
1929,MIN,0.4675324675324675
1929,STL,0.512987012987013
1929,OAK,0.6907894736842105
1929,CHW,0.38961038961038963
1929,SFG,0.5555555555555556
1929,DET,0.4551282051282051
1929,BOS,0.3782051282051282
1929,ATL,0.36538461538461536
1929,CHC,0.6428571428571429
1929,BAL,0.5194805194805194
1929,CLE,0.5324675324675324
1928,CIN,0.512987012987013
1928,PIT,0.5584415584415584
1928,LAD,0.5032258064516129
1928,PHI,0.2857142857142857
1928,NYY,0.6538461538461539
1928,MIN,0.48717948717948717
1928,STL,0.6153846153846154
1928,OAK,0.6387096774193548
1928,CHW,0.46794871794871795
1928,SFG,0.6025641025641025
1928,DET,0.4423076923076923
1928,BOS,0.3741935483870968
1928,ATL,0.32903225806451614
1928,CHC,0.5897435897435898
1928,BAL,0.532051282051282
1928,CLE,0.40384615384615385
1927,CIN,0.49032258064516127
1927,PIT,0.6089743589743589
1927,LAD,0.4258064516129032
1927,PHI,0.3333333333333333
1927,NYY,0.7115384615384616
1927,MIN,0.5512820512820513
1927,STL,0.6
1927,OAK,0.5897435897435898
1927,CHW,0.45806451612903226
1927,SFG,0.5961538461538461
1927,DET,0.535483870967742
1927,BOS,0.3333333333333333
1927,ATL,0.391025641025641
1927,CHC,0.5548387096774193
1927,BAL,0.3870967741935484
1927,CLE,0.432258064516129
1926,CIN,0.5641025641025641
1926,PIT,0.5483870967741935
1926,LAD,0.4645161290322581
1926,PHI,0.38562091503267976
1926,NYY,0.5897435897435898
1926,MIN,0.5394736842105263
1926,STL,0.5769230769230769
1926,OAK,0.5526315789473685
1926,CHW,0.5290322580645161
1926,SFG,0.49019607843137253
1926,DET,0.5128205128205128
1926,BOS,0.3032258064516129
1926,ATL,0.43506493506493504
1926,CHC,0.532051282051282
1926,BAL,0.40384615384615385
1926,CLE,0.5705128205128205
1925,CIN,0.5225806451612903
1925,PIT,0.6193548387096774
1925,LAD,0.44516129032258067
1925,PHI,0.44516129032258067
1925,NYY,0.44871794871794873
1925,MIN,0.6339869281045751
1925,STL,0.5032258064516129
1925,OAK,0.577922077922078
1925,CHW,0.5128205128205128
1925,DET,0.5256410256410257
1925,SFG,0.564935064935065
1925,BOS,0.3116883116883117
1925,ATL,0.45806451612903226
1925,CHC,0.4423076923076923
1925,BAL,0.535483870967742
1925,CLE,0.4551282051282051
1924,CIN,0.5419354838709678
1924,PIT,0.5870967741935483
1924,LAD,0.5961538461538461
1924,PHI,0.3660130718954248
1924,NYY,0.5844155844155844
1924,MIN,0.5961538461538461
1924,STL,0.4230769230769231
1924,OAK,0.4675324675324675
1924,CHW,0.432258064516129
1924,SFG,0.6089743589743589
1924,DET,0.5576923076923077
1924,BOS,0.4394904458598726
1924,ATL,0.34838709677419355
1924,CHC,0.5256410256410257
1924,BAL,0.4838709677419355
1924,CLE,0.43870967741935485
1923,CIN,0.5897435897435898
1923,PIT,0.5641025641025641
1923,LAD,0.4935897435897436
1923,PHI,0.3269230769230769
1923,NYY,0.6428571428571429
1923,MIN,0.49032258064516127
1923,STL,0.5161290322580645
1923,OAK,0.45454545454545453
1923,CHW,0.44871794871794873
1923,DET,0.5384615384615384
1923,SFG,0.6193548387096774
1923,BOS,0.4025974025974026
1923,ATL,0.3525641025641026
1923,CHC,0.5384615384615384
1923,BAL,0.487012987012987
1923,CLE,0.535483870967742
1922,CIN,0.5576923076923077
1922,PIT,0.5512820512820513
1922,LAD,0.4935897435897436
1922,PHI,0.3741935483870968
1922,NYY,0.6089743589743589
1922,MIN,0.44871794871794873
1922,STL,0.5512820512820513
1922,OAK,0.4230769230769231
1922,CHW,0.5
1922,SFG,0.6025641025641025
1922,DET,0.5128205128205128
1922,BOS,0.3974358974358974
1922,ATL,0.34838709677419355
1922,CHC,0.5192307692307693
1922,BAL,0.6025641025641025
1922,CLE,0.5064102564102564
1921,CIN,0.45806451612903226
1921,PIT,0.5870967741935483
1921,LAD,0.5064935064935064
1921,PHI,0.3333333333333333
1921,NYY,0.6387096774193548
1921,MIN,0.5225806451612903
1921,STL,0.567741935483871
1921,OAK,0.34838709677419355
1921,CHW,0.40384615384615385
1921,SFG,0.6129032258064516
1921,DET,0.4645161290322581
1921,BOS,0.48717948717948717
1921,ATL,0.5161290322580645
1921,CHC,0.41935483870967744
1921,BAL,0.5256410256410257
1921,CLE,0.6089743589743589
1920,CIN,0.535483870967742
1920,PIT,0.5128205128205128
1920,LAD,0.6025641025641025
1920,PHI,0.4064516129032258
1920,NYY,0.6153846153846154
1920,MIN,0.44805194805194803
1920,STL,0.48717948717948717
1920,OAK,0.3141025641025641
1920,CHW,0.6217948717948718
1920,DET,0.3974358974358974
1920,SFG,0.5576923076923077
1920,BOS,0.47096774193548385
1920,ATL,0.4090909090909091
1920,CHC,0.48717948717948717
1920,BAL,0.4967741935483871
1920,CLE,0.6346153846153846
1919,CIN,0.6830985915492958
1919,PIT,0.5106382978723404
1919,LAD,0.49295774647887325
1919,PHI,0.34532374100719426
1919,NYY,0.574468085106383
1919,MIN,0.4014084507042254
1919,STL,0.39568345323741005
1919,OAK,0.2605633802816901
1919,CHW,0.6267605633802817
1919,SFG,0.6197183098591549
1919,DET,0.5704225352112676
1919,BOS,0.48201438848920863
1919,ATL,0.41134751773049644
1919,CHC,0.5352112676056338
1919,BAL,0.48226950354609927
1919,CLE,0.6028368794326241
1918,CIN,0.5307692307692308
1918,PIT,0.5196850393700787
1918,LAD,0.453125
1918,PHI,0.448
1918,NYY,0.488
1918,MIN,0.5615384615384615
1918,STL,0.3969465648854962
1918,OAK,0.4076923076923077
1918,CHW,0.4603174603174603
1918,DET,0.4375
1918,SFG,0.5714285714285714
1918,BOS,0.59375
1918,ATL,0.42857142857142855
1918,CHC,0.648854961832061
1918,BAL,0.47580645161290325
1918,CLE,0.5736434108527132
1917,CIN,0.5064102564102564
1917,PIT,0.3333333333333333
1917,LAD,0.46405228758169936
1917,PHI,0.5714285714285714
1917,NYY,0.4645161290322581
1917,MIN,0.4838709677419355
1917,STL,0.538961038961039
1917,OAK,0.36129032258064514
1917,CHW,0.6451612903225806
1917,DET,0.5096774193548387
1917,SFG,0.6346153846153846
1917,BOS,0.5909090909090909
1917,ATL,0.47096774193548385
1917,CHC,0.4807692307692308
1917,BAL,0.3717948717948718
1917,CLE,0.5741935483870968
1916,CIN,0.3935483870967742
1916,PIT,0.4230769230769231
1916,LAD,0.6064516129032258
1916,PHI,0.5935483870967742
1916,NYY,0.5192307692307693
1916,MIN,0.4967741935483871
1916,STL,0.3935483870967742
1916,OAK,0.23870967741935484
1916,CHW,0.5769230769230769
1916,SFG,0.564935064935065
1916,DET,0.5641025641025641
1916,BOS,0.5897435897435898
1916,ATL,0.5844155844155844
1916,CHC,0.44155844155844154
1916,BAL,0.5128205128205128
1916,CLE,0.5
1915,CIN,0.46153846153846156
1915,PIT,0.47435897435897434
1915,LAD,0.525974025974026
1915,PHI,0.5909090909090909
1915,NYY,0.45454545454545453
1915,MIN,0.5548387096774193
1915,STL,0.47096774193548385
1915,OAK,0.2857142857142857
1915,CHW,0.6025641025641025
1915,DET,0.6474358974358975
1915,SFG,0.45454545454545453
1915,BOS,0.6666666666666666
1915,ATL,0.5454545454545454
1915,CHC,0.4774193548387097
1915,BAL,0.41025641025641024
1915,CLE,0.37662337662337664
1914,CIN,0.391025641025641
1914,PIT,0.44871794871794873
1914,LAD,0.48717948717948717
1914,PHI,0.4807692307692308
1914,NYY,0.4551282051282051
1914,MIN,0.5290322580645161
1914,STL,0.5290322580645161
1914,OAK,0.6470588235294118
1914,CHW,0.4551282051282051
1914,SFG,0.5448717948717948
1914,DET,0.5225806451612903
1914,BOS,0.5935483870967742
1914,ATL,0.6129032258064516
1914,CHC,0.5064102564102564
1914,BAL,0.4645161290322581
1914,CLE,0.33548387096774196
1913,CIN,0.41935483870967744
1913,PIT,0.5231788079470199
1913,LAD,0.4370860927152318
1913,PHI,0.5816993464052288
1913,NYY,0.3790849673202614
1913,MIN,0.5833333333333334
1913,STL,0.34210526315789475
1913,OAK,0.6258064516129033
1913,CHW,0.512987012987013
1913,SFG,0.6623376623376623
1913,DET,0.432258064516129
1913,BOS,0.5263157894736842
1913,ATL,0.45751633986928103
1913,CHC,0.5741935483870968
1913,BAL,0.3741935483870968
1913,CLE,0.564935064935065
1912,CIN,0.49032258064516127
1912,PIT,0.6143790849673203
1912,LAD,0.38064516129032255
1912,PHI,0.4805194805194805
1912,NYY,0.33116883116883117
1912,MIN,0.5974025974025974
1912,STL,0.4129032258064516
1912,OAK,0.5909090909090909
1912,CHW,0.5064102564102564
1912,SFG,0.6797385620915033
1912,DET,0.45161290322580644
1912,BOS,0.6883116883116883
1912,ATL,0.3419354838709677
1912,CHC,0.6052631578947368
1912,BAL,0.34615384615384615
1912,CLE,0.49032258064516127
1911,CIN,0.45806451612903226
1911,PIT,0.5512820512820513
1911,LAD,0.4276315789473684
1911,PHI,0.5194805194805194
1911,NYY,0.5
1911,MIN,0.4166666666666667
1911,STL,0.5033112582781457
1911,OAK,0.6666666666666666
1911,CHW,0.5098039215686274
1911,SFG,0.6451612903225806
1911,DET,0.5769230769230769
1911,BOS,0.5096774193548387
1911,ATL,0.29411764705882354
1911,CHC,0.5961538461538461
1911,BAL,0.2987012987012987
1911,CLE,0.5225806451612903
1910,CIN,0.48717948717948717
1910,PIT,0.5612903225806452
1910,LAD,0.4166666666666667
1910,PHI,0.5096774193548387
1910,NYY,0.5816993464052288
1910,MIN,0.43790849673202614
1910,STL,0.4129032258064516
1910,OAK,0.6776315789473685
1910,CHW,0.44516129032258067
1910,SFG,0.5897435897435898
1910,DET,0.5576923076923077
1910,BOS,0.5290322580645161
1910,ATL,0.34838709677419355
1910,CHC,0.6730769230769231
1910,BAL,0.3076923076923077
1910,CLE,0.4675324675324675
1909,CIN,0.5
1909,PIT,0.7225806451612903
1909,LAD,0.36129032258064514
1909,PHI,0.487012987012987
1909,NYY,0.49019607843137253
1909,MIN,0.2792207792207792
1909,STL,0.35714285714285715
1909,OAK,0.6193548387096774
1909,CHW,0.512987012987013
1909,SFG,0.5974025974025974
1909,DET,0.6428571428571429
1909,BOS,0.5816993464052288
1909,ATL,0.2967741935483871
1909,CHC,0.6774193548387096
1909,BAL,0.40789473684210525
1909,CLE,0.4645161290322581
1908,CIN,0.47435897435897434
1908,PIT,0.6346153846153846
1908,LAD,0.34615384615384615
1908,PHI,0.5384615384615384
1908,NYY,0.3333333333333333
1908,MIN,0.44155844155844154
1908,STL,0.32051282051282054
1908,OAK,0.44516129032258067
1908,CHW,0.577922077922078
1908,SFG,0.6346153846153846
1908,DET,0.5870967741935483
1908,BOS,0.48717948717948717
1908,ATL,0.41025641025641024
1908,CHC,0.6410256410256411
1908,BAL,0.5454545454545454
1908,CLE,0.5833333333333334
1907,CIN,0.432258064516129
1907,PIT,0.5897435897435898
1907,LAD,0.44
1907,PHI,0.5637583892617449
1907,NYY,0.47333333333333333
1907,MIN,0.32679738562091504
1907,STL,0.33548387096774196
1907,OAK,0.6054421768707483
1907,CHW,0.5751633986928104
1907,DET,0.6118421052631579
1907,SFG,0.535483870967742
1907,BOS,0.3973509933774834
1907,ATL,0.3933333333333333
1907,CHC,0.7077922077922078
1907,BAL,0.45454545454545453
1907,CLE,0.5584415584415584
1906,CIN,0.42483660130718953
1906,PIT,0.6064516129032258
1906,LAD,0.43506493506493504
1906,PHI,0.4645161290322581
1906,NYY,0.5921052631578947
1906,MIN,0.3684210526315789
1906,STL,0.34868421052631576
1906,OAK,0.541095890410959
1906,CHW,0.6143790849673203
1906,SFG,0.6339869281045751
1906,DET,0.4768211920529801
1906,BOS,0.32051282051282054
1906,ATL,0.32679738562091504
1906,CHC,0.7581699346405228
1906,BAL,0.5099337748344371
1906,CLE,0.5806451612903226
1905,CIN,0.5161290322580645
1905,PIT,0.6233766233766234
1905,LAD,0.3181818181818182
1905,PHI,0.5454545454545454
1905,NYY,0.4768211920529801
1905,MIN,0.42483660130718953
1905,STL,0.3782051282051282
1905,OAK,0.62
1905,CHW,0.6038961038961039
1905,SFG,0.6883116883116883
1905,DET,0.5161290322580645
1905,BOS,0.512987012987013
1905,ATL,0.3333333333333333
1905,CHC,0.6
1905,BAL,0.3548387096774194
1905,CLE,0.4935897435897436
1904,CIN,0.5741935483870968
1904,PIT,0.567741935483871
1904,LAD,0.36774193548387096
1904,PHI,0.34415584415584416
1904,NYY,0.6078431372549019
1904,MIN,0.2549019607843137
1904,STL,0.4838709677419355
1904,OAK,0.5359477124183006
1904,CHW,0.5769230769230769
1904,DET,0.4090909090909091
1904,SFG,0.6948051948051948
1904,BOS,0.6153846153846154
1904,ATL,0.36129032258064514
1904,CHC,0.6064516129032258
1904,BAL,0.42857142857142855
1904,CLE,0.5686274509803921
1903,CIN,0.5319148936170213
1903,PIT,0.647887323943662
1903,LAD,0.5144927536231884
1903,PHI,0.36496350364963503
1903,NYY,0.5367647058823529
1903,MIN,0.31654676258992803
1903,STL,0.31654676258992803
1903,OAK,0.5547445255474452
1903,CHW,0.43884892086330934
1903,DET,0.4782608695652174
1903,SFG,0.6028368794326241
1903,BOS,0.6571428571428571
1903,ATL,0.42142857142857143
1903,CHC,0.5928571428571429
1903,BAL,0.46808510638297873
1903,CLE,0.5492957746478874
1902,CIN,0.5
1902,PIT,0.7357142857142858
1902,LAD,0.5428571428571428
1902,PHI,0.41007194244604317
1902,NYY,0.3669064748201439
1902,MIN,0.4492753623188406
1902,STL,0.41911764705882354
1902,OAK,0.6086956521739131
1902,CHW,0.5514705882352942
1902,DET,0.38686131386861317
1902,SFG,0.35
1902,BOS,0.5611510791366906
1902,ATL,0.5362318840579711
1902,CHC,0.5035460992907801
1902,BAL,0.5693430656934306
1902,CLE,0.5072463768115942
1901,CIN,0.375886524822695
1901,PIT,0.6453900709219859
1901,LAD,0.583941605839416
1901,PHI,0.5915492957746479
1901,NYY,0.518796992481203
1901,MIN,0.45925925925925926
1901,STL,0.5422535211267606
1901,OAK,0.5434782608695652
1901,CHW,0.6086956521739131
1901,SFG,0.37681159420289856
1901,DET,0.5407407407407407
1901,BOS,0.5797101449275363
1901,ATL,0.5
1901,CHC,0.3829787234042553
1901,BAL,0.35251798561151076
1901,CLE,0.39855072463768115
1900,CIN,0.44680851063829785
1900,PIT,0.5673758865248227
1900,SFG,0.4357142857142857
1900,LAD,0.5985401459854015
1900,PHI,0.5428571428571428
1900,ATL,0.4785714285714286
1900,CHC,0.4647887323943662
1900,STL,0.46808510638297873
1899,CIN,0.5490196078431373
1899,PIT,0.5131578947368421
1899,BL2,0.5838926174496645
1899,LAD,0.6756756756756757
1899,PHI,0.6168831168831169
1899,WS9,0.35714285714285715
1899,STL,0.5490196078431373
1899,SFG,0.4144736842105263
1899,ATL,0.6233766233766234
1899,CHC,0.5066666666666667
1899,LS2,0.49032258064516127
1899,CL3,0.1346153846153846
1898,CIN,0.6038961038961039
1898,PIT,0.4866666666666667
1898,BL2,0.64
1898,LAD,0.3741496598639456
1898,PHI,0.52
1898,WS9,0.33766233766233766
1898,STL,0.2631578947368421
1898,SFG,0.5165562913907285
1898,ATL,0.6821192052980133
1898,CHC,0.5695364238410596
1898,LS2,0.46405228758169936
1898,CL3,0.543046357615894
1897,CIN,0.5746268656716418
1897,PIT,0.4696969696969697
1897,BL2,0.6893939393939394
1897,LAD,0.4626865671641791
1897,PHI,0.42105263157894735
1897,WS9,0.4621212121212121
1897,STL,0.22388059701492538
1897,SFG,0.6240601503759399
1897,ATL,0.7014925373134329
1897,CHC,0.44776119402985076
1897,LS2,0.39849624060150374
1897,CL3,0.5267175572519084
1896,CIN,0.6046511627906976
1896,PIT,0.5114503816793893
1896,BL2,0.6946564885496184
1896,LAD,0.44360902255639095
1896,PHI,0.4772727272727273
1896,WS9,0.44360902255639095
1896,STL,0.3106060606060606
1896,SFG,0.48872180451127817
1896,ATL,0.5639097744360902
1896,CHC,0.5538461538461539
1896,LS2,0.2932330827067669
1896,CL3,0.6230769230769231
1895,CIN,0.5075757575757576
1895,PIT,0.5373134328358209
1895,BL2,0.6641221374045801
1895,LAD,0.5413533834586466
1895,PHI,0.5939849624060151
1895,WS9,0.33587786259541985
1895,STL,0.30597014925373134
1895,SFG,0.5037593984962406
1895,ATL,0.5447761194029851
1895,CHC,0.553030303030303
1895,LS2,0.2727272727272727
1895,CL3,0.6390977443609023
1894,CIN,0.4253731343283582
1894,PIT,0.5037593984962406
1894,BL2,0.6923076923076923
1894,LAD,0.5223880597014925
1894,PHI,0.556390977443609
1894,WS9,0.35074626865671643
1894,STL,0.4253731343283582
1894,SFG,0.6617647058823529
1894,ATL,0.6268656716417911
1894,CHC,0.43703703703703706
1894,LS2,0.2727272727272727
1894,CL3,0.5267175572519084
1893,CIN,0.5076923076923077
1893,PIT,0.6259541984732825
1893,BL2,0.4621212121212121
1893,LAD,0.5076923076923077
1893,PHI,0.5572519083969466
1893,WS9,0.31297709923664124
1893,STL,0.43283582089552236
1893,SFG,0.5149253731343284
1893,ATL,0.6641221374045801
1893,CHC,0.4418604651162791
1893,LS2,0.4015748031496063
1893,CL3,0.5692307692307692
1892,CIN,0.5460526315789473
1892,PIT,0.5099337748344371
1892,BL2,0.3221476510067114
1892,LAD,0.6153846153846154
1892,PHI,0.567741935483871
1892,WS9,0.3881578947368421
1892,STL,0.375
1892,SFG,0.46710526315789475
1892,ATL,0.6776315789473685
1892,CHC,0.4897959183673469
1892,LS2,0.4090909090909091
1892,CL3,0.6266666666666667
1891,CIN,0.41007194244604317
1891,PIT,0.4117647058823529
1891,CL6,0.4460431654676259
1891,BL2,0.5328467153284672
1891,LAD,0.4460431654676259
1891,PHI,0.49640287769784175
1891,BSP,0.6861313868613139
1891,WS9,0.32116788321167883
1891,STL,0.6231884057971014
1891,SFG,0.5373134328358209
1891,ML3,0.5789473684210527
1891,ATL,0.6285714285714286
1891,PHP,0.5285714285714286
1891,CN3,0.43137254901960786
1891,CHC,0.6029411764705882
1891,LS2,0.391304347826087
1891,CL3,0.46808510638297873
1890,CIN,0.582089552238806
1890,PIT,0.17391304347826086
1890,CL6,0.5808823529411765
1890,BL2,0.4444444444444444
1890,LAD,0.6641221374045801
1890,PHI,0.5895522388059702
1890,STL,0.5766423357664233
1890,RC2,0.5
1890,SFG,0.48484848484848486
1890,BR4,0.27722772277227725
1890,ATL,0.5671641791044776
1890,CHC,0.6115107913669064
1890,TL2,0.518796992481203
1890,SR2,0.4296875
1890,LS2,0.6666666666666666
1890,CL3,0.3358208955223881
1890,PH4,0.40601503759398494
1889,CIN,0.5460992907801419
1889,PIT,0.4626865671641791
1889,CL6,0.43884892086330934
1889,BL2,0.5182481751824818
1889,LAD,0.6715328467153284
1889,PHI,0.49612403100775193
1889,WS8,0.3333333333333333
1889,STL,0.6691176470588235
1889,KC2,0.4028776978417266
1889,SFG,0.65625
1889,ATL,0.6461538461538462
1889,CHC,0.5074626865671642
1889,IN3,0.4411764705882353
1889,PH4,0.562962962962963
1889,LS2,0.2
1889,CL3,0.45925925925925926
1888,CIN,0.5955882352941176
1888,PIT,0.49264705882352944
1888,BL2,0.4172661870503597
1888,LAD,0.6267605633802817
1888,PHI,0.5303030303030303
1888,WS8,0.3602941176470588
1888,STL,0.6788321167883211
1888,KC2,0.3283582089552239
1888,DTN,0.518796992481203
1888,SFG,0.6363636363636364
1888,ATL,0.5220588235294118
1888,CHC,0.5735294117647058
1888,IN3,0.3722627737226277
1888,PH4,0.6074074074074074
1888,LS2,0.35766423357664234
1888,CL3,0.3805970149253731
1887,CIN,0.6029411764705882
1887,PIT,0.4444444444444444
1887,BL2,0.5693430656934306
1887,LAD,0.4485294117647059
1887,PHI,0.608
1887,WS8,0.3790322580645161
1887,STL,0.7058823529411765
1887,DTN,0.6349206349206349
1887,NY4,0.3333333333333333
1887,SFG,0.552
1887,ATL,0.512
1887,CHC,0.576
1887,IN3,0.296875
1887,PH4,0.4740740740740741
1887,LS2,0.5514705882352942
1887,CL3,0.3082706766917293
1886,CIN,0.4714285714285714
1886,PIT,0.5827338129496403
1886,KCN,0.25833333333333336
1886,BL2,0.3684210526315789
1886,LAD,0.5539568345323741
1886,PHI,0.6206896551724138
1886,SLU,0.35772357723577236
1886,WS8,0.211864406779661
1886,STL,0.6666666666666666
1886,DTN,0.704
1886,NY4,0.39416058394160586
1886,SFG,0.628099173553719
1886,ATL,0.4789915966386555
1886,CHC,0.7222222222222222
1886,PH4,0.46715328467153283
1886,LS2,0.4855072463768116
1885,CIN,0.5614035087719298
1885,PIT,0.504424778761062
1885,PRO,0.48214285714285715
1885,BL2,0.3783783783783784
1885,LAD,0.47368421052631576
1885,PHI,0.5089285714285714
1885,SLU,0.33636363636363636
1885,BFN,0.34210526315789475
1885,STL,0.7017543859649122
1885,DTN,0.38181818181818183
1885,NY4,0.4090909090909091
1885,SFG,0.7543859649122807
1885,ATL,0.41228070175438597
1885,CHC,0.7719298245614035
1885,PH4,0.49122807017543857
1885,LS2,0.47368421052631576
1884,CIN,0.6216216216216216
1884,PRO,0.7456140350877193
1884,LAD,0.3867924528301887
1884,PHI,0.3508771929824561
1884,BFN,0.5714285714285714
1884,IN2,0.27522935779816515
1884,CL2,0.3157894736842105
1884,STL,0.6238532110091743
1884,TL1,0.4380952380952381
1884,RIC,0.3023255813953488
1884,PH4,0.5688073394495413
1884,CL5,0.6363636363636364
1884,LS2,0.6272727272727273
1884,PIT,0.2818181818181818
1884,BL2,0.5925925925925926
1884,DTN,0.2543859649122807
1884,NY4,0.6972477064220184
1884,SFG,0.5526315789473685
1884,ATL,0.6548672566371682
1884,CHC,0.5575221238938053
1884,WS7,0.2
1883,CIN,0.62
1883,PIT,0.32
1883,PRO,0.6
1883,BL2,0.29591836734693877
1883,PHI,0.17
1883,BFN,0.5353535353535354
1883,CL2,0.5656565656565656
1883,STL,0.66
1883,DTN,0.41
1883,NY4,0.5612244897959183
1883,SFG,0.47959183673469385
1883,ATL,0.64
1883,CHC,0.6
1883,PH4,0.67
1883,CL5,0.3333333333333333
1883,LS2,0.5353535353535354
1882,CIN,0.6829268292682927
1882,PIT,0.5
1882,PRO,0.6162790697674418
1882,WOR,0.22093023255813954
1882,BL2,0.26666666666666666
1882,BFN,0.5348837209302325
1882,CL2,0.5119047619047619
1882,STL,0.4567901234567901
1882,DTN,0.5058823529411764
1882,TRN,0.4235294117647059
1882,ATL,0.5348837209302325
1882,CHC,0.6511627906976745
1882,PH4,0.5454545454545454
1882,LS2,0.5308641975308642
1881,PRO,0.5581395348837209
1881,TRN,0.46511627906976744
1881,WOR,0.39285714285714285
1881,ATL,0.4588235294117647
1881,BFN,0.5411764705882353
1881,CHC,0.6627906976744186
1881,CL2,0.43023255813953487
1881,DTN,0.4883720930232558
1880,PRO,0.6162790697674418
1880,TRN,0.49411764705882355
1880,WOR,0.4823529411764706
1880,ATL,0.47674418604651164
1880,BFN,0.2976190476190476
1880,CHC,0.7906976744186046
1880,CL2,0.5581395348837209
1880,CN1,0.2682926829268293
1879,PRO,0.6976744186046512
1879,TRN,0.2597402597402597
1879,ATL,0.6395348837209303
1879,SR1,0.3194444444444444
1879,BFN,0.5875
1879,CHC,0.5802469135802469
1879,CL2,0.3333333333333333
1879,CN1,0.5365853658536586
1878,PRO,0.5483870967741935
1878,IN1,0.4032258064516129
1878,ML1,0.25806451612903225
1878,ATL,0.6774193548387096
1878,CHC,0.5
1878,CN1,0.6129032258064516
1877,ATL,0.6935483870967742
1877,HR1,0.5333333333333333
1877,SL2,0.46774193548387094
1877,CHC,0.4426229508196721
1877,CN1,0.2711864406779661
1877,LS1,0.5806451612903226
1876,ATL,0.5555555555555556
1876,HR1,0.6857142857142857
1876,SL2,0.696969696969697
1876,CHC,0.7794117647058824
1876,CN1,0.14925373134328357
1876,PH1,0.2459016393442623
1876,LS1,0.45588235294117646
1876,NY2,0.3793103448275862
1875,PH2,0.5428571428571428
1875,KEO,0.13333333333333333
1875,HR1,0.6547619047619048
1875,BR2,0.06521739130434782
1875,NH1,0.16326530612244897
1875,NY2,0.44285714285714284
1875,PH3,0.1875
1875,WS6,0.2
1875,ATL,0.8888888888888888
1875,SL1,0.23809523809523808
1875,SL2,0.5714285714285714
1875,CHC,0.4492753623188406
1875,PH1,0.72
1874,PH2,0.5
1874,HR1,0.3090909090909091
1874,BR2,0.40350877192982454
1874,ATL,0.7361111111111112
1874,BL1,0.20408163265306123
1874,CHC,0.47540983606557374
1874,PH1,0.5964912280701754
1874,NY2,0.6417910447761194
1873,PH2,0.6727272727272727
1873,ELI,0.12
1873,WS5,0.21951219512195122
1873,ATL,0.7213114754098361
1873,BR2,0.32142857142857145
1873,BL1,0.603448275862069
1873,PH1,0.5471698113207547
1873,BL4,0.125
1873,NY2,0.5454545454545454
1872,CL1,0.2916666666666667
1872,TRO,0.5925925925925926
1872,BR1,0.13793103448275862
1872,BR2,0.2564102564102564
1872,NY2,0.625
1872,WS3,0.2727272727272727
1872,MID,0.2
1872,WS4,0.07692307692307693
1872,ATL,0.8163265306122449
1872,BL1,0.6491228070175439
1872,PH1,0.6521739130434783
1871,WS3,0.46875
1871,CL1,0.3548387096774194
1871,FW1,0.38095238095238093
1871,TRO,0.43333333333333335
1871,RC1,0.3333333333333333
1871,ATL,0.65625
1871,CHC,0.6666666666666666
1871,PH1,0.6666666666666666
1871,NY2,0.4857142857142857
