date,team1,team2,moneyline1,moneyline2,score,score2,implied_prob,result,accuracy
2019-09-05,CHI,GB,-171.0,149.0,3.0,10.0,0.6110736376813675,0.0,0.0
2019-09-08,MIN,ATL,-185.0,161.0,28.0,12.0,0.6288337565930846,1.0,1.0
2019-09-08,CAR,LAR,105.0,-125.0,27.0,30.0,0.46753246753246747,0.0,1.0
2019-09-08,CLE,TEN,-252.0,207.0,13.0,43.0,0.6872890089193704,0.0,0.0
2019-09-08,PHI,WAS,-550.0,413.0,32.0,27.0,0.8127610542992942,1.0,1.0
2019-09-08,NYJ,BUF,-146.0,124.0,16.0,17.0,0.5707105961189446,0.0,0.0
2019-09-08,MIA,BAL,269.0,-333.0,10.0,59.0,0.26056554156110656,0.0,1.0
2019-09-08,JAC,KC,169.0,-196.0,26.0,40.0,0.3595549293037267,0.0,1.0
2019-09-08,SEA,CIN,-478.0,370.0,21.0,20.0,0.7953692558238334,1.0,1.0
2019-09-08,LAC,IND,-286.0,236.0,30.0,24.0,0.7134287580922967,1.0,1.0
2019-09-08,DAL,NYG,-339.0,272.0,35.0,17.0,0.7417768575596443,1.0,1.0
2019-09-08,ARI,DET,136.0,-157.0,27.0,27.0,0.4095486996430392,0.5,0.5
2019-09-08,TB,SF,-118.0,-102.0,17.0,31.0,0.5173641257162702,0.0,0.0
2019-09-08,NE,PIT,-252.0,206.0,33.0,3.0,0.6865873637723485,1.0,1.0
2019-09-09,NO,HOU,-332.0,266.0,30.0,28.0,0.7377240273932681,1.0,1.0
2019-09-09,OAK,DEN,136.0,-157.0,24.0,16.0,0.4095486996430392,1.0,0.0
2019-09-12,CAR,TB,-292.0,238.0,14.0,20.0,0.7157277948598944,0.0,0.0
2019-09-15,WAS,DAL,226.0,-276.0,21.0,31.0,0.29472628080516716,0.0,1.0
2019-09-15,GB,MIN,-162.0,140.0,21.0,16.0,0.5974185617701291,1.0,1.0
2019-09-15,MIA,NE,1064.0,-2033.0,0.0,43.0,0.08268364840726405,0.0,1.0
2019-09-15,PIT,SEA,-211.0,177.0,26.0,28.0,0.6526963494031067,0.0,0.0
2019-09-15,BAL,ARI,-802.0,550.0,23.0,17.0,0.8524938675388389,1.0,1.0
2019-09-15,CIN,SF,-114.0,-106.0,17.0,41.0,0.508664009703691,0.0,0.0
2019-09-15,DET,LAC,-104.0,-115.0,13.0,10.0,0.48799650807507644,1.0,0.0
2019-09-15,TEN,IND,-177.0,153.0,17.0,19.0,0.6178308798167795,0.0,0.0
2019-09-15,HOU,JAC,-353.0,281.0,13.0,12.0,0.7480435834543058,1.0,1.0
2019-09-15,NYG,BUF,101.0,-121.0,14.0,28.0,0.47607763727623265,0.0,1.0
2019-09-15,OAK,KC,257.0,-321.0,10.0,28.0,0.2686713849020722,0.0,1.0
2019-09-15,LAR,NO,-127.0,107.0,27.0,9.0,0.5366306721917167,1.0,1.0
2019-09-15,DEN,CHI,133.0,-154.0,14.0,16.0,0.41447733429065625,0.0,1.0
2019-09-15,ATL,PHI,-103.0,-117.0,24.0,20.0,0.4848162769511084,1.0,0.0
2019-09-16,NYJ,CLE,242.0,-285.0,3.0,23.0,0.28315069500625134,0.0,1.0
2019-09-19,JAC,TEN,109.0,-130.0,20.0,7.0,0.4584412995814231,1.0,0.0
2019-09-22,BUF,CIN,-262.0,215.0,21.0,17.0,0.695106544260086,1.0,1.0
2019-09-22,DAL,MIA,-3780.0,1414.0,31.0,6.0,0.9365071053131115,1.0,1.0
2019-09-22,IND,ATL,-124.0,105.0,27.0,24.0,0.5315767461313259,1.0,1.0
2019-09-22,PHI,DET,-224.0,187.0,24.0,27.0,0.6649015389707099,0.0,0.0
2019-09-22,GB,DEN,-370.0,293.0,27.0,16.0,0.7557299516657139,1.0,1.0
2019-09-22,KC,BAL,-233.0,190.0,33.0,28.0,0.6698721126202042,1.0,1.0
2019-09-22,NE,NYJ,-3153.0,1334.0,30.0,14.0,0.9328821949441084,1.0,1.0
2019-09-22,MIN,OAK,-455.0,353.0,34.0,14.0,0.7878562009059114,1.0,1.0
2019-09-22,ARI,CAR,-137.0,117.0,20.0,38.0,0.5564206704224298,0.0,0.0
2019-09-22,TB,NYG,-239.0,195.0,31.0,32.0,0.6753029069489009,0.0,0.0
2019-09-22,SF,PIT,-290.0,238.0,24.0,20.0,0.715370018975332,1.0,1.0
2019-09-22,LAC,HOU,-166.0,144.0,20.0,27.0,0.6036003814973774,0.0,0.0
2019-09-22,SEA,NO,-248.0,204.0,27.0,33.0,0.6841875998257587,0.0,0.0
2019-09-22,CLE,LAR,174.0,-207.0,13.0,20.0,0.3511862545471185,0.0,1.0
2019-09-23,WAS,CHI,193.0,-234.0,15.0,31.0,0.32757301739863876,0.0,1.0
2019-09-26,GB,PHI,-193.0,166.0,27.0,34.0,0.6366477343188075,0.0,0.0
2019-09-29,DET,KC,308.0,-391.0,30.0,34.0,0.23534712502636268,0.0,1.0
2019-09-29,IND,OAK,-255.0,209.0,24.0,31.0,0.6894002362308063,0.0,0.0
2019-09-29,BAL,CLE,-354.0,282.0,25.0,40.0,0.7486546936244658,0.0,0.0
2019-09-29,BUF,NE,279.0,-351.0,10.0,16.0,0.2531872968466673,0.0,1.0
2019-09-29,MIA,LAC,627.0,-945.0,10.0,30.0,0.13202529326670998,0.0,1.0
2019-09-29,ATL,TEN,-177.0,154.0,10.0,24.0,0.6187618706818244,0.0,0.0
2019-09-29,HOU,CAR,-254.0,208.0,10.0,16.0,0.6884680371726274,0.0,0.0
2019-09-29,NYG,WAS,-169.0,147.0,24.0,3.0,0.6081173608379586,1.0,1.0
2019-09-29,LAR,TB,-483.0,368.0,40.0,55.0,0.7949666601018485,0.0,0.0
2019-09-29,ARI,SEA,209.0,-255.0,10.0,27.0,0.31059976376919374,0.0,1.0
2019-09-29,CHI,MIN,-111.0,-109.0,16.0,6.0,0.5021645958699511,1.0,1.0
2019-09-29,DEN,JAC,-148.0,127.0,24.0,26.0,0.5753133776286048,0.0,0.0
2019-09-29,NO,DAL,128.0,-149.0,12.0,10.0,0.42295148797390947,1.0,0.0
2019-09-30,PIT,CIN,-184.0,160.0,27.0,3.0,0.627492130115425,1.0,1.0
2019-10-03,SEA,LAR,-125.0,105.0,30.0,29.0,0.5324675324675325,1.0,1.0
2019-10-06,NYG,MIN,201.0,-247.0,10.0,28.0,0.3182114134272378,0.0,1.0
2019-10-06,CAR,JAC,-181.0,158.0,34.0,27.0,0.6243215059226184,1.0,1.0
2019-10-06,OAK,CHI,252.0,-312.0,24.0,21.0,0.2728043224917893,1.0,0.0
2019-10-06,PHI,NYJ,-900.0,610.0,31.0,6.0,0.86468200270636,1.0,1.0
2019-10-06,NO,TB,-162.0,140.0,31.0,24.0,0.5974185617701291,1.0,1.0
2019-10-06,CIN,ARI,-159.0,137.0,23.0,26.0,0.5926584149851376,0.0,0.0
2019-10-06,TEN,BUF,-179.0,156.0,7.0,14.0,0.6215614996473333,0.0,0.0
2019-10-06,HOU,ATL,-210.0,174.0,53.0,32.0,0.6498757623672917,1.0,1.0
2019-10-06,WAS,NE,761.0,-1234.0,7.0,33.0,0.11155021348402927,0.0,1.0
2019-10-06,PIT,BAL,154.0,-178.0,23.0,26.0,0.3807593272338793,0.0,1.0
2019-10-06,LAC,DEN,-230.0,189.0,13.0,20.0,0.6682416809088167,0.0,0.0
2019-10-06,DAL,GB,-181.0,158.0,24.0,34.0,0.6243215059226184,0.0,0.0
2019-10-06,KC,IND,-631.0,457.0,13.0,19.0,0.8278245836346207,0.0,0.0
2019-10-07,SF,CLE,-222.0,184.0,31.0,3.0,0.6619351587434907,1.0,1.0
2019-10-10,NE,NYG,-1353.0,799.0,35.0,14.0,0.8932909924525226,1.0,1.0
2019-10-13,TB,CAR,110.0,-130.0,26.0,37.0,0.4572564612326043,0.0,1.0
2019-10-13,CLE,SEA,-116.0,-104.0,28.0,32.0,0.5130072840790845,0.0,0.0
2019-10-13,BAL,CIN,-572.0,427.0,23.0,17.0,0.8177103113030458,1.0,1.0
2019-10-13,KC,HOU,-198.0,168.0,24.0,31.0,0.6403745896891292,0.0,0.0
2019-10-13,MIA,WAS,208.0,-249.0,16.0,17.0,0.31274643343608854,0.0,1.0
2019-10-13,MIN,PHI,-178.0,155.0,38.0,20.0,0.6201666894384479,1.0,1.0
2019-10-13,JAC,NO,-151.0,130.0,6.0,13.0,0.5804780210596692,0.0,0.0
2019-10-13,ARI,ATL,140.0,-161.0,34.0,33.0,0.40315106580166815,1.0,0.0
2019-10-13,LAR,SF,-167.0,145.0,7.0,20.0,0.6051172077201804,0.0,0.0
2019-10-13,NYJ,DAL,277.0,-351.0,24.0,22.0,0.254189046762894,1.0,0.0
2019-10-13,DEN,TEN,-121.0,101.0,16.0,0.0,0.5239223627237672,1.0,1.0
2019-10-13,LAC,PIT,-288.0,236.0,17.0,24.0,0.713796766198513,0.0,0.0
2019-10-14,GB,DET,-194.0,166.0,23.0,22.0,0.6370549602488766,1.0,1.0
2019-10-17,DEN,KC,135.0,-157.0,6.0,30.0,0.4105759245946161,0.0,1.0
2019-10-20,DET,MIN,122.0,-143.0,30.0,42.0,0.4335724226528209,0.0,1.0
2019-10-20,ATL,LAR,150.0,-174.0,10.0,37.0,0.3864598025387871,0.0,1.0
2019-10-20,BUF,MIA,-1453.0,841.0,31.0,21.0,0.8980016064911174,1.0,1.0
2019-10-20,GB,OAK,-257.0,212.0,42.0,24.0,0.6919333126229679,1.0,1.0
2019-10-20,WAS,SF,372.0,-488.0,0.0,9.0,0.2033645066681422,0.0,1.0
2019-10-20,NYG,ARI,-192.0,165.0,21.0,27.0,0.6353646353646353,0.0,0.0
2019-10-20,CIN,JAC,182.0,-220.0,17.0,27.0,0.340280731603573,0.0,1.0
2019-10-20,IND,HOU,-124.0,104.0,30.0,23.0,0.530358939953036,1.0,1.0
2019-10-20,TEN,LAC,-157.0,135.0,23.0,20.0,0.5894240754053839,1.0,1.0
2019-10-20,SEA,BAL,-156.0,132.0,16.0,30.0,0.5857068876229932,0.0,0.0
2019-10-20,CHI,NO,-226.0,185.0,25.0,36.0,0.663952169879394,0.0,0.0
2019-10-20,DAL,PHI,-163.0,140.0,37.0,10.0,0.5979822684194436,1.0,1.0
2019-10-21,NYJ,NE,340.0,-450.0,0.0,33.0,0.21739130434782605,0.0,1.0
2019-10-24,MIN,WAS,-1371.0,798.0,19.0,9.0,0.8932710711637444,1.0,1.0
2019-10-27,LAR,CIN,-700.0,496.0,24.0,10.0,0.839098954143202,1.0,1.0
2019-10-27,IND,DEN,-252.0,206.0,15.0,13.0,0.6865873637723485,1.0,1.0
2019-10-27,NO,ARI,-714.0,504.0,31.0,9.0,0.8412190630754346,1.0,1.0
2019-10-27,DET,NYG,-275.0,226.0,31.0,26.0,0.705072748721982,1.0,1.0
2019-10-27,CHI,LAC,-185.0,160.0,16.0,17.0,0.6279373368146214,0.0,0.0
2019-10-27,BUF,PHI,-116.0,-104.0,13.0,31.0,0.5130072840790845,0.0,0.0
2019-10-27,TEN,TB,-129.0,108.0,27.0,23.0,0.5395318909354139,1.0,1.0
2019-10-27,ATL,SEA,287.0,-360.0,20.0,27.0,0.24821929635225548,0.0,1.0
2019-10-27,JAC,NYJ,-321.0,258.0,29.0,15.0,0.7318778738743329,1.0,1.0
2019-10-27,SF,CAR,-212.0,177.0,51.0,13.0,0.6530403451803746,1.0,1.0
2019-10-27,HOU,OAK,-243.0,199.0,27.0,24.0,0.6793103770674197,1.0,1.0
2019-10-27,NE,CLE,-451.0,352.0,27.0,13.0,0.787219252988971,1.0,1.0
2019-10-27,KC,GB,202.0,-247.0,24.0,31.0,0.31749226856003077,0.0,1.0
2019-10-28,PIT,MIA,-836.0,565.0,27.0,14.0,0.855898020137328,1.0,1.0
2019-10-31,ARI,SF,391.0,-513.0,25.0,28.0,0.1957322076868796,0.0,1.0
2019-11-03,JAC,HOU,-118.0,-102.0,3.0,26.0,0.5173641257162702,0.0,0.0
2019-11-03,MIA,NYJ,159.0,-184.0,26.0,18.0,0.3734090670032608,1.0,0.0
2019-11-03,PIT,IND,-122.0,102.0,26.0,24.0,0.5260865852617198,1.0,1.0
2019-11-03,PHI,CHI,-248.0,201.0,22.0,14.0,0.6820407864922156,1.0,1.0
2019-11-03,KC,MIN,202.0,-246.0,26.0,23.0,0.31774602358299964,1.0,0.0
2019-11-03,BUF,WAS,-573.0,430.0,24.0,9.0,0.818593493086067,1.0,1.0
2019-11-03,CAR,TEN,-187.0,161.0,30.0,20.0,0.6297108648251125,1.0,1.0
2019-11-03,OAK,DET,-145.0,124.0,31.0,24.0,0.5700245700245701,1.0,1.0
2019-11-03,SEA,TB,-220.0,182.0,40.0,34.0,0.659719268396427,1.0,1.0
2019-11-03,DEN,CLE,172.0,-203.0,24.0,19.0,0.35431965947892796,1.0,0.0
2019-11-03,LAC,GB,180.0,-218.0,26.0,11.0,0.3425247738043946,1.0,0.0
2019-11-03,BAL,NE,141.0,-164.0,37.0,20.0,0.40046113706692554,1.0,0.0
2019-11-04,NYG,DAL,250.0,-315.0,18.0,37.0,0.27347611202635913,0.0,1.0
2019-11-07,OAK,LAC,101.0,-122.0,26.0,24.0,0.475150892513163,1.0,0.0
2019-11-10,CIN,BAL,435.0,-587.0,13.0,49.0,0.17949287384551071,0.0,1.0
2019-11-10,CLE,BUF,-165.0,142.0,19.0,16.0,0.6010838476591902,1.0,1.0
2019-11-10,NO,ATL,-905.0,594.0,9.0,26.0,0.8620585530559863,0.0,0.0
2019-11-10,NYJ,NYG,132.0,-153.0,34.0,27.0,0.416145799065728,1.0,0.0
2019-11-10,TB,ARI,-245.0,202.0,30.0,27.0,0.6819983408609088,1.0,1.0
2019-11-10,TEN,KC,208.0,-252.0,35.0,32.0,0.31201248049922004,1.0,0.0
2019-11-10,CHI,DET,-299.0,244.0,20.0,13.0,0.7205021154977724,1.0,1.0
2019-11-10,IND,MIA,-602.0,443.0,12.0,16.0,0.8232121001495898,0.0,0.0
2019-11-10,GB,CAR,-241.0,197.0,24.0,16.0,0.677318621838243,1.0,1.0
2019-11-10,PIT,LAR,186.0,-226.0,17.0,12.0,0.335266773622938,1.0,0.0
2019-11-10,DAL,MIN,-180.0,156.0,24.0,28.0,0.6220302375809935,0.0,0.0
2019-11-11,SF,SEA,-260.0,213.0,24.0,27.0,0.6933037996251491,0.0,0.0
2019-11-14,CLE,PIT,-159.0,137.0,21.0,7.0,0.5926584149851376,1.0,1.0
2019-11-17,MIN,DEN,-496.0,378.0,27.0,23.0,0.7991155692174945,1.0,1.0
2019-11-17,BAL,HOU,-234.0,190.0,41.0,7.0,0.6701560339719534,1.0,1.0
2019-11-17,MIA,BUF,273.0,-341.0,20.0,37.0,0.25745360289095287,0.0,1.0
2019-11-17,TB,NO,192.0,-235.0,17.0,34.0,0.3280454367410889,0.0,1.0
2019-11-17,WAS,NYJ,-126.0,106.0,17.0,34.0,0.5345580360820497,0.0,0.0
2019-11-17,DET,DAL,298.0,-376.0,27.0,35.0,0.24132057105775462,0.0,1.0
2019-11-17,IND,JAC,-140.0,119.0,33.0,13.0,0.5609220636663008,1.0,1.0
2019-11-17,CAR,ATL,-203.0,171.0,3.0,29.0,0.6448372463751129,0.0,0.0
2019-11-17,SF,ARI,-482.0,370.0,36.0,26.0,0.795603006251317,1.0,1.0
2019-11-17,OAK,CIN,-742.0,515.0,17.0,10.0,0.8442269624257673,1.0,1.0
2019-11-17,PHI,NE,186.0,-226.0,10.0,17.0,0.335266773622938,0.0,1.0
2019-11-17,LAR,CHI,-253.0,208.0,17.0,7.0,0.6882286441037238,1.0,1.0
2019-11-18,LAC,KC,215.0,-259.0,17.0,24.0,0.305570923947738,0.0,1.0
2019-11-21,HOU,IND,-194.0,167.0,20.0,17.0,0.6379221163082835,1.0,1.0
2019-11-24,CLE,MIA,-575.0,426.0,41.0,24.0,0.817542911204217,1.0,1.0
2019-11-24,BUF,DEN,-206.0,173.0,20.0,3.0,0.647619705658813,1.0,1.0
2019-11-24,NYJ,OAK,159.0,-185.0,34.0,3.0,0.3729634234116338,1.0,0.0
2019-11-24,NO,CAR,-519.0,394.0,34.0,31.0,0.8055208208969292,1.0,1.0
2019-11-24,ATL,TB,-180.0,154.0,22.0,35.0,0.6201844818231146,0.0,0.0
2019-11-24,PHI,SEA,103.0,-124.0,9.0,17.0,0.4708652148322543,0.0,1.0
2019-11-24,WAS,DET,171.0,-203.0,19.0,16.0,0.35516275362488714,1.0,0.0
2019-11-24,CIN,PIT,216.0,-265.0,10.0,16.0,0.3035595475715237,0.0,1.0
2019-11-24,CHI,NYG,-268.0,219.0,19.0,14.0,0.6990808883655513,1.0,1.0
2019-11-24,TEN,JAC,-217.0,180.0,42.0,20.0,0.6571490374215877,1.0,1.0
2019-11-24,NE,DAL,-243.0,201.0,13.0,9.0,0.6807609616261646,1.0,1.0
2019-11-24,SF,GB,-171.0,147.0,37.0,8.0,0.6091552850570403,1.0,1.0
2019-11-25,LAR,BAL,149.0,-174.0,6.0,45.0,0.3874105703701608,0.0,1.0
2019-11-28,DET,CHI,212.0,-258.0,20.0,24.0,0.3078351791979088,0.0,1.0
2019-11-28,DAL,BUF,-303.0,245.0,15.0,26.0,0.7217523388683675,0.0,0.0
2019-11-28,ATL,NO,280.0,-352.0,18.0,26.0,0.25257040679481446,0.0,1.0
2019-12-01,NYG,GB,250.0,-309.0,13.0,31.0,0.27440456222744036,0.0,1.0
2019-12-01,MIA,PHI,400.0,-530.0,37.0,31.0,0.19207317073170738,1.0,0.0
2019-12-01,IND,TEN,-104.0,-116.0,17.0,31.0,0.48699271592091575,0.0,1.0
2019-12-01,CIN,NYJ,120.0,-141.0,22.0,6.0,0.4372278664731495,1.0,0.0
2019-12-01,BAL,SF,-250.0,205.0,20.0,17.0,0.6853932584269664,1.0,1.0
2019-12-01,PIT,CLE,101.0,-121.0,20.0,13.0,0.47607763727623265,1.0,0.0
2019-12-01,CAR,WAS,-587.0,431.0,21.0,29.0,0.8193992066183489,0.0,0.0
2019-12-01,JAC,TB,138.0,-161.0,11.0,28.0,0.4051662578782328,0.0,1.0
2019-12-01,ARI,LAR,120.0,-141.0,7.0,34.0,0.4372278664731495,0.0,1.0
2019-12-01,KC,OAK,-588.0,434.0,40.0,9.0,0.8202679261844553,1.0,1.0
2019-12-01,DEN,LAC,181.0,-220.0,23.0,20.0,0.3410786612662545,1.0,0.0
2019-12-01,HOU,NE,152.0,-177.0,28.0,22.0,0.38310466917459607,1.0,0.0
2019-12-02,SEA,MIN,-155.0,133.0,37.0,30.0,0.5861397386999918,1.0,1.0
2019-12-05,CHI,DAL,144.0,-167.0,31.0,24.0,0.3958605147669316,1.0,0.0
2019-12-08,CLE,CIN,-291.0,239.0,27.0,19.0,0.7161503894765116,1.0,1.0
2019-12-08,NO,SF,-125.0,104.0,46.0,48.0,0.5312500000000001,0.0,0.0
2019-12-08,GB,WAS,-904.0,594.0,20.0,15.0,0.8620454645385394,1.0,1.0
2019-12-08,BUF,BAL,222.0,-271.0,17.0,24.0,0.29832263874817067,0.0,1.0
2019-12-08,MIN,DET,-697.0,494.0,20.0,7.0,0.8385718162999931,1.0,1.0
2019-12-08,HOU,DEN,-420.0,329.0,24.0,38.0,0.7760358342665175,0.0,0.0
2019-12-08,ATL,CAR,-187.0,160.0,40.0,20.0,0.6288153129849974,1.0,1.0
2019-12-08,TB,IND,-174.0,148.0,38.0,35.0,0.6116339721056809,1.0,1.0
2019-12-08,NYJ,MIA,-227.0,186.0,22.0,21.0,0.6650345209071726,1.0,1.0
2019-12-08,JAC,LAC,155.0,-181.0,10.0,45.0,0.37842569523937775,0.0,1.0
2019-12-08,OAK,TEN,130.0,-153.0,21.0,42.0,0.41825095057034223,0.0,1.0
2019-12-08,NE,KC,-161.0,136.0,16.0,23.0,0.5927983025461808,0.0,0.0
2019-12-08,ARI,PIT,110.0,-131.0,17.0,23.0,0.4564315352697096,0.0,1.0
2019-12-08,LAR,SEA,-118.0,-103.0,28.0,12.0,0.5161610067229788,1.0,1.0
2019-12-09,PHI,NYG,-440.0,339.0,23.0,17.0,0.7815180449910989,1.0,1.0
2019-12-12,BAL,NYJ,-1440.0,832.0,42.0,21.0,0.8970643281107963,1.0,1.0
2019-12-15,DET,TB,211.0,-258.0,17.0,38.0,0.3085196228821594,0.0,1.0
2019-12-15,KC,DEN,-476.0,364.0,23.0,3.0,0.7931509997701678,1.0,1.0
2019-12-15,CAR,SEA,223.0,-272.0,24.0,30.0,0.29746673490276354,0.0,1.0
2019-12-15,GB,CHI,-221.0,181.0,21.0,13.0,0.6592392862071528,1.0,1.0
2019-12-15,NYG,MIA,-184.0,159.0,36.0,20.0,0.6265909329967393,1.0,1.0
2019-12-15,WAS,PHI,245.0,-303.0,27.0,37.0,0.2782476611316326,0.0,1.0
2019-12-15,TEN,HOU,-166.0,142.0,21.0,24.0,0.6016294255076979,0.0,0.0
2019-12-15,CIN,NE,418.0,-559.0,13.0,34.0,0.18539253140982725,0.0,1.0
2019-12-15,ARI,CLE,136.0,-159.0,38.0,24.0,0.4083627648839556,1.0,0.0
2019-12-15,OAK,JAC,-310.0,248.0,16.0,20.0,0.7246104245029554,0.0,0.0
2019-12-15,LAC,MIN,102.0,-123.0,10.0,39.0,0.47299876977898436,0.0,1.0
2019-12-15,DAL,LAR,-105.0,-113.0,44.0,21.0,0.4912145837909071,1.0,0.0
2019-12-15,SF,ATL,-507.0,384.0,22.0,29.0,0.8016910169624422,0.0,0.0
2019-12-15,PIT,BUF,-117.0,-103.0,10.0,17.0,0.5151837230488916,0.0,0.0
2019-12-16,NO,IND,-402.0,315.0,34.0,7.0,0.7686955720407318,1.0,1.0
2019-12-21,TB,HOU,134.0,-157.0,20.0,23.0,0.4116083154489253,0.0,1.0
2019-12-21,NE,BUF,-298.0,241.0,24.0,17.0,0.7185648220169992,1.0,1.0
2019-12-21,SF,LAR,-335.0,265.0,34.0,31.0,0.7375961393454985,1.0,1.0
2019-12-22,WAS,NYG,103.0,-124.0,35.0,41.0,0.4708652148322543,0.0,1.0
2019-12-22,MIA,CIN,108.0,-129.0,38.0,35.0,0.46046810906458613,1.0,0.0
2019-12-22,CLE,BAL,362.0,-475.0,15.0,31.0,0.20761870373713676,0.0,1.0
2019-12-22,TEN,NO,157.0,-182.0,28.0,38.0,0.3761303918691813,0.0,1.0
2019-12-22,IND,CAR,-319.0,254.0,38.0,6.0,0.7293736194179272,1.0,1.0
2019-12-22,ATL,JAC,-342.0,271.0,24.0,12.0,0.7416443576764359,1.0,1.0
2019-12-22,NYJ,PIT,153.0,-179.0,16.0,10.0,0.38121524314427424,1.0,0.0
2019-12-22,DEN,DET,-376.0,292.0,27.0,17.0,0.755887421022401,1.0,1.0
2019-12-22,LAC,OAK,-351.0,278.0,17.0,24.0,0.7463128171089787,0.0,0.0
2019-12-22,SEA,ARI,-416.0,324.0,13.0,27.0,0.7736683276019369,0.0,0.0
2019-12-22,PHI,DAL,117.0,-138.0,17.0,9.0,0.44282365199270635,1.0,0.0
2019-12-22,CHI,KC,254.0,-316.0,3.0,26.0,0.2710733461919408,0.0,1.0
2019-12-23,MIN,GB,-207.0,173.0,10.0,23.0,0.6479801859857128,0.0,0.0
2019-12-29,NE,MIA,-1441.0,815.0,24.0,27.0,0.8953562200575168,0.0,0.0
2019-12-29,CAR,NO,586.0,-879.0,10.0,42.0,0.13967875313528155,0.0,1.0
2019-12-29,KC,LAC,-469.0,355.0,31.0,21.0,0.7894892617325515,1.0,1.0
2019-12-29,MIN,CHI,189.0,-230.0,19.0,21.0,0.33175831909118325,0.0,1.0
2019-12-29,CIN,CLE,122.0,-144.0,33.0,23.0,0.4328697133125178,1.0,0.0
2019-12-29,BUF,NYJ,-101.0,-118.0,6.0,13.0,0.48141507783802706,0.0,1.0
2019-12-29,TB,ATL,-119.0,-101.0,22.0,28.0,0.5195490681610844,0.0,0.0
2019-12-29,DET,GB,554.0,-819.0,20.0,23.0,0.1464481152972147,0.0,1.0
2019-12-29,JAC,IND,204.0,-248.0,38.0,20.0,0.3158124001742413,1.0,0.0
2019-12-29,LAR,ARI,-309.0,249.0,31.0,24.0,0.7250253796868382,1.0,1.0
2019-12-29,BAL,PIT,104.0,-124.0,28.0,10.0,0.46964106004696415,1.0,0.0
2019-12-29,HOU,TEN,353.0,-456.0,14.0,35.0,0.21207775167068443,0.0,1.0
2019-12-29,DEN,OAK,-218.0,180.0,16.0,15.0,0.6574752261956054,1.0,1.0
2019-12-29,DAL,WAS,-679.0,486.0,47.0,16.0,0.8362736814671896,1.0,1.0
2019-12-29,NYG,PHI,172.0,-204.0,17.0,34.0,0.35394932935916545,0.0,1.0
2019-12-29,SEA,SF,159.0,-185.0,21.0,26.0,0.3729634234116338,0.0,1.0
2020-09-10,KC,HOU,-432.0,340.0,34.0,20.0,0.7813219335744821,1.0,1.0
2020-09-13,DET,CHI,-137.0,116.0,23.0,27.0,0.5552803422652557,0.0,0.0
2020-09-13,JAC,IND,264.0,-331.0,27.0,20.0,0.26347320031298915,1.0,0.0
2020-09-13,ATL,SEA,-118.0,-101.0,25.0,38.0,0.5185849221619732,0.0,0.0
2020-09-13,MIN,GB,-125.0,105.0,34.0,43.0,0.5324675324675325,0.0,0.0
2020-09-13,WAS,PHI,207.0,-250.0,27.0,17.0,0.31319910514541394,1.0,0.0
2020-09-13,BUF,NYJ,-295.0,241.0,27.0,17.0,0.7180484671116028,1.0,1.0
2020-09-13,NE,MIA,-356.0,284.0,21.0,11.0,0.7498683517640864,1.0,1.0
2020-09-13,BAL,CLE,-342.0,271.0,38.0,6.0,0.7416443576764359,1.0,1.0
2020-09-13,CAR,LV,132.0,-153.0,30.0,34.0,0.416145799065728,0.0,1.0
2020-09-13,CIN,LAC,122.0,-143.0,13.0,16.0,0.4335724226528209,0.0,1.0
2020-09-13,SF,ARI,-311.0,250.0,20.0,24.0,0.7259086362120707,0.0,0.0
2020-09-13,NO,TB,-191.0,165.0,34.0,23.0,0.6349495076208994,1.0,1.0
2020-09-13,LAR,DAL,-110.0,-109.0,20.0,17.0,0.5010897994768964,1.0,1.0
2020-09-14,NYG,PIT,213.0,-251.0,16.0,26.0,0.30880761549492797,0.0,1.0
2020-09-14,DEN,TEN,154.0,-177.0,14.0,16.0,0.3812381293181756,0.0,1.0
2020-09-17,CLE,CIN,-249.0,206.0,35.0,30.0,0.685851621149657,1.0,1.0
2020-09-20,IND,MIN,-179.0,156.0,28.0,11.0,0.6215614996473333,1.0,1.0
2020-09-20,PIT,DEN,-278.0,240.0,26.0,21.0,0.7143288996372431,1.0,1.0
2020-09-20,MIA,BUF,205.0,-244.0,28.0,31.0,0.3161183605954788,0.0,1.0
2020-09-20,TB,CAR,-365.0,293.0,31.0,17.0,0.7551922925057254,1.0,1.0
2020-09-20,TEN,JAC,-320.0,258.0,33.0,30.0,0.7317322432294329,1.0,1.0
2020-09-20,CHI,NYG,-233.0,195.0,17.0,13.0,0.673641397559661,1.0,1.0
2020-09-20,NYJ,SF,260.0,-323.0,13.0,31.0,0.26674233825198634,0.0,1.0
2020-09-20,PHI,LAR,-130.0,110.0,19.0,37.0,0.5427435387673956,0.0,0.0
2020-09-20,GB,DET,-296.0,242.0,42.0,21.0,0.7188139059304703,1.0,1.0
2020-09-20,DAL,ATL,-149.0,130.0,40.0,39.0,0.5791786378232213,1.0,1.0
2020-09-20,ARI,WAS,-333.0,270.0,30.0,15.0,0.7399555582247312,1.0,1.0
2020-09-20,LAC,KC,326.0,-412.0,20.0,23.0,0.22583718550407572,0.0,1.0
2020-09-20,HOU,BAL,285.0,-345.0,16.0,33.0,0.2509516424644015,0.0,1.0
2020-09-20,SEA,NE,-208.0,180.0,35.0,30.0,0.6540880503144655,1.0,1.0
2020-09-21,LV,NO,173.0,-205.0,34.0,24.0,0.3527438848088822,1.0,0.0
2020-09-24,JAC,MIA,-145.0,124.0,13.0,31.0,0.5700245700245701,0.0,0.0
2020-09-27,MIN,TEN,131.0,-152.0,30.0,31.0,0.4178272980501393,0.0,1.0
2020-09-27,CLE,WAS,-345.0,280.0,34.0,20.0,0.7465831435079727,1.0,1.0
2020-09-27,NYG,SF,139.0,-161.0,9.0,36.0,0.40415614983198866,0.0,1.0
2020-09-27,PHI,CIN,-238.0,200.0,23.0,23.0,0.6787072243346008,0.5,0.5
2020-09-27,ATL,CHI,-136.0,117.0,26.0,30.0,0.5556559722849828,0.0,0.0
2020-09-27,BUF,LAR,-130.0,111.0,35.0,32.0,0.5439222684909775,1.0,1.0
2020-09-27,PIT,HOU,-208.0,180.0,28.0,21.0,0.6540880503144655,1.0,1.0
2020-09-27,NE,LV,-333.0,270.0,36.0,20.0,0.7399555582247312,1.0,1.0
2020-09-27,LAC,CAR,-278.0,235.0,16.0,21.0,0.7112961124264875,0.0,0.0
2020-09-27,IND,NYJ,-667.0,475.0,36.0,7.0,0.8333423868759846,1.0,1.0
2020-09-27,DEN,TB,222.0,-267.0,10.0,28.0,0.2991668976311198,0.0,1.0
2020-09-27,SEA,DAL,-238.0,200.0,38.0,31.0,0.6787072243346008,1.0,1.0
2020-09-27,ARI,DET,-238.0,200.0,23.0,26.0,0.6787072243346008,0.0,0.0
2020-09-27,NO,GB,-173.0,151.0,30.0,37.0,0.613986963222714,0.0,0.0
2020-09-28,BAL,KC,-179.0,155.0,20.0,34.0,0.6206404242300632,0.0,0.0
2020-10-01,NYJ,DEN,-118.0,-101.0,28.0,37.0,0.5185849221619732,0.0,0.0
2020-10-04,TB,LAC,-362.0,292.0,38.0,31.0,0.7543911878535279,1.0,1.0
2020-10-04,DET,NO,138.0,-160.0,29.0,35.0,0.40574282147315854,0.0,1.0
2020-10-04,CAR,ARI,140.0,-160.0,31.0,21.0,0.40372670807453415,1.0,0.0
2020-10-04,WAS,BAL,699.0,-1073.0,17.0,31.0,0.12035373532643778,0.0,1.0
2020-10-04,HOU,MIN,-175.0,155.0,23.0,31.0,0.6187175043327557,0.0,0.0
2020-10-04,CIN,JAC,-120.0,100.0,33.0,25.0,0.5217391304347826,1.0,1.0
2020-10-04,MIA,SEA,186.0,-224.0,23.0,31.0,0.3358765964504893,0.0,1.0
2020-10-04,DAL,CLE,-178.0,154.0,38.0,49.0,0.6192406727661206,0.0,0.0
2020-10-04,LAR,NYG,-941.0,639.0,17.0,9.0,0.8697934581531686,1.0,1.0
2020-10-04,LV,BUF,155.0,-175.0,23.0,30.0,0.38128249566724437,0.0,1.0
2020-10-04,CHI,IND,165.0,-185.0,11.0,19.0,0.36762334730732027,0.0,1.0
2020-10-04,SF,PHI,-358.0,287.0,20.0,25.0,0.7515541427533009,0.0,0.0
2020-10-05,KC,NE,-650.0,475.0,26.0,10.0,0.8328690807799443,1.0,1.0
2020-10-05,GB,ATL,-240.0,200.0,30.0,16.0,0.679245283018868,1.0,1.0
2020-10-08,CHI,TB,175.0,-200.0,20.0,19.0,0.3529411764705882,1.0,0.0
2020-10-11,KC,LV,-550.0,425.0,32.0,40.0,0.8162544169611308,0.0,0.0
2020-10-11,PIT,PHI,-355.0,295.0,38.0,29.0,0.7550141337999731,1.0,1.0
2020-10-11,BAL,CIN,-800.0,550.0,27.0,3.0,0.8524590163934426,1.0,1.0
2020-10-11,ATL,CAR,-135.0,115.0,16.0,23.0,0.552594002855783,0.0,0.0
2020-10-11,NYJ,ARI,260.0,-320.0,10.0,30.0,0.26717557251908386,0.0,1.0
2020-10-11,WAS,LAR,285.0,-345.0,10.0,30.0,0.2509516424644015,0.0,1.0
2020-10-11,HOU,JAC,-265.0,225.0,30.0,14.0,0.7023445463812437,1.0,1.0
2020-10-11,SF,MIA,-410.0,330.0,17.0,43.0,0.7756269247690278,0.0,0.0
2020-10-11,DAL,NYG,-350.0,290.0,37.0,34.0,0.7520661157024794,1.0,1.0
2020-10-11,CLE,IND,-115.0,-105.0,32.0,23.0,0.5108342361863489,1.0,1.0
2020-10-11,SEA,MIN,-300.0,250.0,27.0,26.0,0.7241379310344829,1.0,1.0
2020-10-12,NO,LAC,-342.0,275.0,30.0,27.0,0.7436938242968977,1.0,1.0
2020-10-13,TEN,BUF,140.0,-160.0,42.0,16.0,0.40372670807453415,1.0,0.0
2020-10-18,NYG,WAS,-120.0,100.0,20.0,19.0,0.5217391304347826,1.0,1.0
2020-10-18,CAR,CHI,-130.0,110.0,16.0,23.0,0.5427435387673956,0.0,0.0
2020-10-18,MIN,ATL,-185.0,165.0,23.0,40.0,0.6323766526926797,0.0,0.0
2020-10-18,TEN,HOU,-190.0,170.0,42.0,36.0,0.6388542963885431,1.0,1.0
2020-10-18,PHI,BAL,380.0,-475.0,28.0,30.0,0.20140105078809112,0.0,1.0
2020-10-18,NE,DEN,-380.0,310.0,12.0,18.0,0.7644749754661433,0.0,0.0
2020-10-18,IND,CIN,-360.0,300.0,31.0,27.0,0.7578947368421053,1.0,1.0
2020-10-18,JAC,DET,140.0,-160.0,16.0,34.0,0.40372670807453415,0.0,1.0
2020-10-18,PIT,CLE,-160.0,140.0,38.0,7.0,0.5962732919254659,1.0,1.0
2020-10-18,MIA,NYJ,-400.0,320.0,24.0,0.0,0.7706422018348625,1.0,1.0
2020-10-18,TB,GB,140.0,-160.0,38.0,10.0,0.40372670807453415,1.0,0.0
2020-10-18,SF,LAR,110.0,-130.0,24.0,16.0,0.4572564612326043,1.0,0.0
2020-10-19,BUF,KC,200.0,-240.0,17.0,26.0,0.3207547169811321,0.0,1.0
2020-10-19,DAL,ARI,-120.0,100.0,10.0,38.0,0.5217391304347826,0.0,0.0
2020-10-22,PHI,NYG,-238.0,200.0,22.0,21.0,0.6787072243346008,1.0,1.0
2020-10-25,TEN,PIT,-120.0,100.0,24.0,27.0,0.5217391304347826,0.0,0.0
2020-10-25,NYJ,BUF,350.0,-430.0,10.0,18.0,0.21501014198782964,0.0,1.0
2020-10-25,CIN,CLE,180.0,-210.0,34.0,37.0,0.34521158129175944,0.0,1.0
2020-10-25,HOU,GB,125.0,-145.0,20.0,35.0,0.42888402625820565,0.0,1.0
2020-10-25,WAS,DAL,-105.0,-115.0,25.0,3.0,0.4891657638136512,1.0,0.0
2020-10-25,ATL,DET,-115.0,-105.0,22.0,23.0,0.5108342361863489,0.0,0.0
2020-10-25,NO,CAR,-335.0,270.0,27.0,24.0,0.7402209614810391,1.0,1.0
2020-10-25,LV,TB,175.0,-200.0,20.0,45.0,0.3529411764705882,0.0,1.0
2020-10-25,NE,SF,-159.0,138.0,6.0,33.0,0.5936745003294531,0.0,0.0
2020-10-25,LAC,JAC,-382.0,306.0,39.0,29.0,0.7629026228282472,1.0,1.0
2020-10-25,DEN,KC,280.0,-340.0,16.0,43.0,0.25404157043879905,0.0,1.0
2020-10-25,ARI,SEA,165.0,-185.0,37.0,34.0,0.36762334730732027,1.0,0.0
2020-10-26,LAR,CHI,-280.0,240.0,24.0,10.0,0.7147147147147147,1.0,1.0
2020-10-29,CAR,ATL,-125.0,105.0,17.0,25.0,0.5324675324675325,0.0,0.0
2020-11-01,CIN,TEN,280.0,-340.0,31.0,20.0,0.25404157043879905,1.0,0.0
2020-11-01,CLE,LV,-120.0,100.0,6.0,16.0,0.5217391304347826,0.0,0.0
2020-11-01,DET,IND,165.0,-185.0,21.0,41.0,0.36762334730732027,0.0,1.0
2020-11-01,BAL,PIT,-210.0,180.0,24.0,28.0,0.6547884187082404,0.0,0.0
2020-11-01,BUF,NE,-210.0,180.0,24.0,21.0,0.6547884187082404,1.0,1.0
2020-11-01,GB,MIN,-260.0,220.0,22.0,28.0,0.6979865771812082,0.0,0.0
2020-11-01,KC,NYJ,-3500.0,1400.0,35.0,9.0,0.9358288770053476,1.0,1.0
2020-11-01,MIA,LAR,155.0,-175.0,28.0,17.0,0.38128249566724437,1.0,0.0
2020-11-01,DEN,LAC,140.0,-160.0,31.0,30.0,0.40372670807453415,1.0,0.0
2020-11-01,SEA,SF,-115.0,-105.0,37.0,27.0,0.5108342361863489,1.0,1.0
2020-11-01,CHI,NO,205.0,-245.0,23.0,26.0,0.3158617532616159,0.0,1.0
2020-11-01,PHI,DAL,-445.0,354.0,23.0,9.0,0.7875492145168207,1.0,1.0
2020-11-02,NYG,TB,525.0,-750.0,23.0,25.0,0.15349887133182838,0.0,1.0
2020-11-05,SF,GB,233.0,-280.0,17.0,34.0,0.2895458701615361,0.0,1.0
2020-11-08,JAC,HOU,246.0,-299.0,25.0,27.0,0.2783319614381182,0.0,1.0
2020-11-08,KC,CAR,-503.0,395.0,33.0,31.0,0.8050341917648771,1.0,1.0
2020-11-08,MIN,DET,-175.0,155.0,34.0,20.0,0.6187175043327557,1.0,1.0
2020-11-08,IND,BAL,-111.0,-107.0,10.0,24.0,0.5043903938183256,0.0,0.0
2020-11-08,ATL,DEN,-220.0,190.0,34.0,27.0,0.6659707724425887,1.0,1.0
2020-11-08,BUF,SEA,144.0,-166.0,44.0,34.0,0.39639961850262284,1.0,0.0
2020-11-08,WAS,NYG,-155.0,135.0,20.0,23.0,0.5882115462252725,0.0,0.0
2020-11-08,TEN,CHI,-273.0,227.0,24.0,17.0,0.7053037425634624,1.0,1.0
2020-11-08,LAC,LV,102.0,-120.0,26.0,31.0,0.47577854671280273,0.0,1.0
2020-11-08,DAL,PIT,654.0,-968.0,19.0,24.0,0.12764858869425533,0.0,1.0
2020-11-08,ARI,MIA,-256.0,215.0,31.0,34.0,0.6937370956641432,0.0,0.0
2020-11-08,TB,NO,-174.0,152.0,3.0,38.0,0.6154278014821468,0.0,0.0
2020-11-09,NYJ,NE,333.0,-415.0,27.0,30.0,0.22275568243257848,0.0,1.0
2020-11-12,TEN,IND,100.0,-120.0,17.0,34.0,0.4782608695652174,0.0,1.0
2020-11-15,CLE,HOU,-220.0,190.0,10.0,7.0,0.6659707724425887,1.0,1.0
2020-11-15,GB,JAC,-1000.0,650.0,24.0,20.0,0.872093023255814,1.0,1.0
2020-11-15,NYG,PHI,190.0,-220.0,27.0,17.0,0.33402922755741127,1.0,0.0
2020-11-15,DET,WAS,-140.0,120.0,30.0,27.0,0.562043795620438,1.0,1.0
2020-11-15,CAR,TB,225.0,-265.0,23.0,46.0,0.29765545361875634,0.0,1.0
2020-11-15,LV,DEN,-180.0,160.0,37.0,12.0,0.625668449197861,1.0,1.0
2020-11-15,MIA,LAC,-125.0,105.0,29.0,21.0,0.5324675324675325,1.0,1.0
2020-11-15,ARI,BUF,-150.0,130.0,32.0,30.0,0.5798319327731093,1.0,1.0
2020-11-15,NO,SF,-410.0,330.0,27.0,13.0,0.7756269247690278,1.0,1.0
2020-11-15,PIT,CIN,-310.0,255.0,36.0,10.0,0.7285666997682887,1.0,1.0
2020-11-15,LAR,SEA,-150.0,130.0,23.0,16.0,0.5798319327731093,1.0,1.0
2020-11-15,NE,BAL,260.0,-320.0,23.0,17.0,0.26717557251908386,1.0,0.0
2020-11-16,CHI,MIN,155.0,-175.0,13.0,19.0,0.38128249566724437,0.0,1.0
2020-11-19,SEA,ARI,-164.0,145.0,28.0,21.0,0.6034845298888555,1.0,1.0
2020-11-22,NO,ATL,-190.0,170.0,24.0,9.0,0.6388542963885431,1.0,1.0
2020-11-22,WAS,CIN,-125.0,105.0,20.0,9.0,0.5324675324675325,1.0,1.0
2020-11-22,HOU,NE,115.0,-135.0,27.0,20.0,0.447405997144217,1.0,0.0
2020-11-22,CLE,PHI,-140.0,120.0,22.0,17.0,0.562043795620438,1.0,1.0
2020-11-22,CAR,DET,120.0,-140.0,20.0,0.0,0.43795620437956195,1.0,0.0
2020-11-22,JAC,PIT,425.0,-550.0,3.0,27.0,0.18374558303886912,0.0,1.0
2020-11-22,BAL,TEN,-255.0,215.0,24.0,30.0,0.6935031297215628,0.0,0.0
2020-11-22,LAC,NYJ,-450.0,370.0,34.0,28.0,0.7936210131332083,1.0,1.0
2020-11-22,DEN,MIA,180.0,-210.0,20.0,13.0,0.34521158129175944,1.0,0.0
2020-11-22,IND,GB,-125.0,105.0,34.0,31.0,0.5324675324675325,1.0,1.0
2020-11-22,MIN,DAL,-335.0,275.0,28.0,31.0,0.7427937915742794,0.0,0.0
2020-11-22,LV,KC,320.0,-400.0,31.0,35.0,0.22935779816513768,0.0,1.0
2020-11-23,TB,LAR,-210.0,180.0,24.0,27.0,0.6547884187082404,0.0,0.0
2020-11-26,DET,HOU,140.0,-160.0,25.0,41.0,0.40372670807453415,0.0,1.0
2020-11-26,DAL,WAS,-145.0,125.0,16.0,41.0,0.5711159737417943,0.0,0.0
2020-11-29,BUF,LAC,-215.0,185.0,27.0,17.0,0.6604688763136621,1.0,1.0
2020-11-29,NYJ,MIA,295.0,-355.0,3.0,20.0,0.24498586620002683,0.0,1.0
2020-11-29,NE,ARI,100.0,-120.0,20.0,17.0,0.4782608695652174,1.0,0.0
2020-11-29,MIN,CAR,-150.0,130.0,28.0,27.0,0.5798319327731093,1.0,1.0
2020-11-29,IND,TEN,-145.0,125.0,26.0,45.0,0.5711159737417943,0.0,0.0
2020-11-29,JAC,CLE,285.0,-345.0,25.0,27.0,0.2509516424644015,0.0,1.0
2020-11-29,CIN,NYG,240.0,-280.0,17.0,19.0,0.2852852852852853,0.0,1.0
2020-11-29,ATL,LV,160.0,-180.0,43.0,6.0,0.3743315508021391,1.0,0.0
2020-11-29,LAR,SF,-240.0,200.0,20.0,23.0,0.679245283018868,0.0,0.0
2020-11-29,DEN,NO,850.0,-1450.0,3.0,31.0,0.10114192495921692,0.0,1.0
2020-11-29,TB,KC,155.0,-175.0,24.0,27.0,0.38128249566724437,0.0,1.0
2020-11-29,GB,CHI,-400.0,320.0,41.0,25.0,0.7706422018348625,1.0,1.0
2020-11-30,PHI,SEA,245.0,-290.0,17.0,23.0,0.2804746494066882,0.0,1.0
2020-12-02,PIT,BAL,-550.0,425.0,19.0,14.0,0.8162544169611308,1.0,1.0
2020-12-06,MIN,JAC,-500.0,400.0,27.0,24.0,0.8064516129032258,1.0,1.0
2020-12-06,ATL,NO,125.0,-145.0,16.0,21.0,0.42888402625820565,0.0,1.0
2020-12-06,CHI,DET,-159.0,140.0,30.0,34.0,0.5956915391820169,0.0,0.0
2020-12-06,MIA,CIN,-550.0,425.0,19.0,7.0,0.8162544169611308,1.0,1.0
2020-12-06,TEN,CLE,-215.0,185.0,35.0,41.0,0.6604688763136621,0.0,0.0
2020-12-06,NYJ,LV,300.0,-357.0,28.0,31.0,0.24244031830238733,0.0,1.0
2020-12-06,HOU,IND,160.0,-180.0,20.0,26.0,0.3743315508021391,0.0,1.0
2020-12-06,SEA,NYG,-600.0,450.0,12.0,17.0,0.825,0.0,0.0
2020-12-06,ARI,LAR,125.0,-145.0,28.0,38.0,0.42888402625820565,0.0,1.0
2020-12-06,GB,PHI,-410.0,330.0,30.0,16.0,0.7756269247690278,1.0,1.0
2020-12-06,LAC,NE,-135.0,115.0,0.0,45.0,0.552594002855783,0.0,0.0
2020-12-06,KC,DEN,-900.0,600.0,22.0,16.0,0.863013698630137,1.0,1.0
2020-12-07,PIT,WAS,-280.0,240.0,17.0,23.0,0.7147147147147147,0.0,0.0
2020-12-07,SF,BUF,-130.0,110.0,24.0,34.0,0.5427435387673956,0.0,0.0
2020-12-08,BAL,DAL,-420.0,340.0,34.0,17.0,0.7804054054054055,1.0,1.0
2020-12-10,LAR,NE,-230.0,195.0,24.0,3.0,0.6727813584531483,1.0,1.0
2020-12-13,CAR,DEN,-210.0,180.0,27.0,32.0,0.6547884187082404,0.0,0.0
2020-12-13,TB,MIN,-320.0,260.0,26.0,14.0,0.7328244274809159,1.0,1.0
2020-12-13,JAC,TEN,310.0,-380.0,10.0,31.0,0.23552502453385682,0.0,1.0
2020-12-13,CHI,HOU,-105.0,-115.0,36.0,7.0,0.4891657638136512,1.0,0.0
2020-12-13,MIA,KC,285.0,-345.0,27.0,33.0,0.2509516424644015,0.0,1.0
2020-12-13,CIN,DAL,140.0,-160.0,7.0,30.0,0.40372670807453415,0.0,1.0
2020-12-13,NYG,ARI,140.0,-160.0,7.0,26.0,0.40372670807453415,0.0,1.0
2020-12-13,LV,IND,115.0,-135.0,27.0,44.0,0.447405997144217,0.0,1.0
2020-12-13,SEA,NYJ,-1200.0,750.0,40.0,3.0,0.8869565217391305,1.0,1.0
2020-12-13,LAC,ATL,-120.0,100.0,20.0,17.0,0.5217391304347826,1.0,1.0
2020-12-13,PHI,NO,290.0,-350.0,24.0,21.0,0.2479338842975206,1.0,0.0
2020-12-13,DET,GB,330.0,-410.0,24.0,31.0,0.22437307523097227,0.0,1.0
2020-12-13,SF,WAS,-150.0,130.0,15.0,23.0,0.5798319327731093,0.0,0.0
2020-12-13,BUF,PIT,-130.0,110.0,26.0,15.0,0.5427435387673956,1.0,1.0
2020-12-14,CLE,BAL,155.0,-175.0,42.0,47.0,0.38128249566724437,0.0,1.0
2020-12-17,LV,LAC,-175.0,155.0,27.0,30.0,0.6187175043327557,0.0,0.0
2020-12-19,DEN,BUF,205.0,-245.0,19.0,48.0,0.3158617532616159,0.0,1.0
2020-12-19,GB,CAR,-440.0,360.0,24.0,16.0,0.7893915756630265,1.0,1.0
2020-12-20,BAL,JAC,-900.0,600.0,40.0,14.0,0.863013698630137,1.0,1.0
2020-12-20,ATL,TB,230.0,-270.0,27.0,31.0,0.29341792228390173,0.0,1.0
2020-12-20,DAL,SF,175.0,-200.0,41.0,33.0,0.3529411764705882,1.0,0.0
2020-12-20,MIN,CHI,-150.0,130.0,27.0,33.0,0.5798319327731093,0.0,0.0
2020-12-20,IND,HOU,-370.0,305.0,27.0,20.0,0.761239522479045,1.0,1.0
2020-12-20,TEN,DET,-410.0,330.0,46.0,25.0,0.7756269247690278,1.0,1.0
2020-12-20,MIA,NE,105.0,-125.0,22.0,12.0,0.46753246753246747,1.0,0.0
2020-12-20,WAS,SEA,230.0,-270.0,15.0,20.0,0.29341792228390173,0.0,1.0
2020-12-20,ARI,PHI,-270.0,230.0,33.0,26.0,0.7065820777160983,1.0,1.0
2020-12-20,LAR,NYJ,-1800.0,1000.0,20.0,23.0,0.9124423963133641,0.0,0.0
2020-12-20,NO,KC,125.0,-145.0,29.0,32.0,0.42888402625820565,0.0,1.0
2020-12-20,NYG,CLE,235.0,-275.0,6.0,20.0,0.2892960462873675,0.0,1.0
2020-12-21,CIN,PIT,700.0,-1100.0,27.0,17.0,0.11999999999999988,1.0,0.0
2020-12-25,NO,MIN,-300.0,250.0,52.0,33.0,0.7241379310344829,1.0,1.0
2020-12-26,DET,TB,475.0,-650.0,7.0,47.0,0.16713091922005563,0.0,1.0
2020-12-26,ARI,SF,-275.0,235.0,12.0,20.0,0.7107039537126326,0.0,0.0
2020-12-26,LV,MIA,120.0,-140.0,25.0,26.0,0.43795620437956195,0.0,1.0
2020-12-27,NYJ,CLE,250.0,-300.0,23.0,16.0,0.2758620689655171,1.0,0.0
2020-12-27,BAL,NYG,-440.0,360.0,27.0,13.0,0.7893915756630265,1.0,1.0
2020-12-27,HOU,CIN,-340.0,280.0,31.0,37.0,0.745958429561201,0.0,0.0
2020-12-27,KC,ATL,-600.0,450.0,17.0,14.0,0.825,1.0,1.0
2020-12-27,JAC,CHI,400.0,-500.0,17.0,41.0,0.19354838709677424,0.0,1.0
2020-12-27,PIT,IND,-110.0,-110.0,28.0,24.0,0.5,1.0,0.5
2020-12-27,LAC,DEN,-130.0,110.0,19.0,16.0,0.5427435387673956,1.0,1.0
2020-12-27,WAS,CAR,100.0,-120.0,13.0,20.0,0.4782608695652174,0.0,1.0
2020-12-27,DAL,PHI,150.0,-170.0,37.0,17.0,0.38848920863309355,1.0,0.0
2020-12-27,SEA,LAR,-125.0,105.0,20.0,9.0,0.5324675324675325,1.0,1.0
2020-12-27,GB,TEN,-180.0,160.0,40.0,14.0,0.625668449197861,1.0,1.0
2020-12-28,NE,BUF,290.0,-350.0,9.0,38.0,0.2479338842975206,0.0,1.0
2021-01-03,CLE,PIT,-500.0,400.0,24.0,22.0,0.8064516129032258,1.0,1.0
2021-01-03,CIN,BAL,625.0,-950.0,3.0,38.0,0.13228346456692908,0.0,1.0
2021-01-03,BUF,MIA,150.0,-170.0,56.0,26.0,0.38848920863309355,1.0,0.0
2021-01-03,NE,NYJ,-170.0,150.0,28.0,14.0,0.6115107913669064,1.0,1.0
2021-01-03,NYG,DAL,105.0,-125.0,23.0,19.0,0.46753246753246747,1.0,0.0
2021-01-03,DET,MIN,150.0,-170.0,35.0,37.0,0.38848920863309355,0.0,1.0
2021-01-03,TB,ATL,-335.0,275.0,44.0,27.0,0.7427937915742794,1.0,1.0
2021-01-03,DEN,LV,125.0,-145.0,31.0,32.0,0.42888402625820565,0.0,1.0
2021-01-03,CHI,GB,185.0,-215.0,16.0,35.0,0.33953112368633787,0.0,1.0
2021-01-03,HOU,TEN,275.0,-335.0,38.0,41.0,0.2572062084257206,0.0,1.0
2021-01-03,CAR,NO,220.0,-260.0,7.0,33.0,0.30201342281879207,0.0,1.0
2021-01-03,SF,SEA,290.0,-350.0,23.0,26.0,0.2479338842975206,0.0,1.0
2021-01-03,LAR,ARI,-120.0,100.0,18.0,7.0,0.5217391304347826,1.0,1.0
2021-01-03,IND,JAC,-1300.0,800.0,28.0,14.0,0.8931297709923665,1.0,1.0
2021-01-03,KC,LAC,245.0,-290.0,21.0,38.0,0.2804746494066882,0.0,1.0
2021-01-03,PHI,WAS,245.0,-290.0,14.0,20.0,0.2804746494066882,0.0,1.0
2021-09-09,TB,DAL,-450.0,350.0,31.0,29.0,0.7864077669902914,1.0,1.0
2021-09-12,CAR,NYJ,-180.0,155.0,19.0,14.0,0.621109607577808,1.0,1.0
2021-09-12,TEN,ARI,-145.0,125.0,13.0,38.0,0.5711159737417943,0.0,0.0
2021-09-12,IND,SEA,140.0,-160.0,16.0,28.0,0.40372670807453415,0.0,1.0
2021-09-12,WAS,LAC,-130.0,110.0,16.0,20.0,0.5427435387673956,0.0,0.0
2021-09-12,HOU,JAC,150.0,-175.0,37.0,21.0,0.38596491228070173,1.0,0.0
2021-09-12,CIN,MIN,140.0,-160.0,27.0,24.0,0.40372670807453415,1.0,0.0
2021-09-12,DET,SF,350.0,-450.0,33.0,41.0,0.21359223300970875,0.0,1.0
2021-09-12,ATL,PHI,-180.0,155.0,6.0,32.0,0.621109607577808,0.0,0.0
2021-09-12,BUF,PIT,-280.0,230.0,16.0,23.0,0.7085889570552149,0.0,0.0
2021-09-12,NE,MIA,-190.0,160.0,16.0,17.0,0.6301020408163265,0.0,0.0
2021-09-12,NYG,DEN,125.0,-145.0,13.0,27.0,0.42888402625820565,0.0,1.0
2021-09-12,KC,CLE,-250.0,205.0,33.0,29.0,0.6853932584269664,1.0,1.0
2021-09-12,NO,GB,160.0,-190.0,38.0,3.0,0.3698979591836734,1.0,0.0
2021-09-12,LAR,CHI,-430.0,330.0,34.0,14.0,0.7772173182009248,1.0,1.0
2021-09-13,LV,BAL,140.0,-160.0,33.0,27.0,0.40372670807453415,1.0,0.0
2021-09-16,WAS,NYG,-200.0,170.0,30.0,29.0,0.6428571428571429,1.0,1.0
2021-09-19,PHI,SF,125.0,-145.0,11.0,17.0,0.42888402625820565,0.0,1.0
2021-09-19,IND,LAR,175.0,-210.0,24.0,27.0,0.3492957746478873,0.0,1.0
2021-09-19,PIT,LV,-240.0,200.0,17.0,26.0,0.679245283018868,0.0,0.0
2021-09-19,CAR,NO,130.0,-150.0,26.0,7.0,0.4201680672268908,1.0,0.0
2021-09-19,MIA,BUF,170.0,-200.0,0.0,35.0,0.3571428571428571,0.0,1.0
2021-09-19,CHI,CIN,-125.0,105.0,20.0,17.0,0.5324675324675325,1.0,1.0
2021-09-19,CLE,HOU,-800.0,550.0,31.0,21.0,0.8524590163934426,1.0,1.0
2021-09-19,JAC,DEN,220.0,-270.0,13.0,23.0,0.2998379254457051,0.0,1.0
2021-09-19,NYJ,NE,205.0,-250.0,6.0,25.0,0.3146067415730337,0.0,1.0
2021-09-19,TB,ATL,-800.0,550.0,48.0,25.0,0.8524590163934426,1.0,1.0
2021-09-19,ARI,MIN,-200.0,170.0,34.0,33.0,0.6428571428571429,1.0,1.0
2021-09-19,SEA,TEN,-290.0,235.0,30.0,33.0,0.7135512302607419,0.0,0.0
2021-09-19,LAC,DAL,-160.0,140.0,17.0,20.0,0.5962732919254659,0.0,0.0
2021-09-19,BAL,KC,170.0,-200.0,36.0,35.0,0.3571428571428571,1.0,0.0
2021-09-20,GB,DET,-600.0,425.0,35.0,17.0,0.8181818181818182,1.0,1.0
2021-09-23,HOU,CAR,330.0,-430.0,9.0,24.0,0.22278268179907523,0.0,1.0
2021-09-26,JAC,ARI,310.0,-400.0,19.0,31.0,0.23364485981308414,0.0,1.0
2021-09-26,CLE,CHI,-380.0,300.0,26.0,6.0,0.76,1.0,1.0
2021-09-26,NYG,ATL,-145.0,125.0,14.0,17.0,0.5711159737417943,0.0,0.0
2021-09-26,PIT,CIN,-145.0,125.0,10.0,24.0,0.5711159737417943,0.0,0.0
2021-09-26,BUF,WAS,-340.0,270.0,43.0,21.0,0.740871613663133,1.0,1.0
2021-09-26,NE,NO,-150.0,130.0,13.0,28.0,0.5798319327731093,0.0,0.0
2021-09-26,TEN,IND,-220.0,180.0,25.0,16.0,0.6581196581196581,1.0,1.0
2021-09-26,DET,BAL,300.0,-380.0,17.0,19.0,0.23999999999999988,0.0,1.0
2021-09-26,KC,LAC,-300.0,240.0,24.0,30.0,0.7183098591549296,0.0,0.0
2021-09-26,LV,MIA,-180.0,155.0,31.0,28.0,0.621109607577808,1.0,1.0
2021-09-26,DEN,NYJ,-600.0,425.0,26.0,0.0,0.8181818181818182,1.0,1.0
2021-09-26,MIN,SEA,105.0,-125.0,30.0,17.0,0.46753246753246747,1.0,0.0
2021-09-26,LAR,TB,-105.0,-115.0,34.0,24.0,0.4891657638136512,1.0,0.0
2021-09-26,SF,GB,-180.0,155.0,28.0,30.0,0.621109607577808,0.0,0.0
2021-09-27,DAL,PHI,-190.0,160.0,41.0,21.0,0.6301020408163265,1.0,1.0
2021-09-30,CIN,JAC,-350.0,280.0,24.0,21.0,0.7471910112359551,1.0,1.0
2021-10-03,BUF,HOU,-1700.0,900.0,40.0,0.0,0.9042553191489362,1.0,1.0
2021-10-03,MIA,IND,-140.0,120.0,17.0,27.0,0.562043795620438,0.0,0.0
2021-10-03,DAL,CAR,-200.0,170.0,36.0,28.0,0.6428571428571429,1.0,1.0
2021-10-03,ATL,WAS,105.0,-125.0,30.0,34.0,0.46753246753246747,0.0,1.0
2021-10-03,NYJ,TEN,220.0,-270.0,27.0,24.0,0.2998379254457051,1.0,0.0
2021-10-03,NO,NYG,-340.0,270.0,21.0,27.0,0.740871613663133,0.0,0.0
2021-10-03,MIN,CLE,-105.0,-115.0,7.0,14.0,0.4891657638136512,0.0,1.0
2021-10-03,PHI,KC,250.0,-320.0,30.0,42.0,0.2727272727272726,0.0,1.0
2021-10-03,CHI,DET,-160.0,140.0,24.0,14.0,0.5962732919254659,1.0,1.0
2021-10-03,LAR,ARI,-220.0,180.0,20.0,37.0,0.6581196581196581,0.0,0.0
2021-10-03,SF,SEA,-135.0,115.0,21.0,28.0,0.552594002855783,0.0,0.0
2021-10-03,GB,PIT,-260.0,210.0,27.0,17.0,0.6912521440823328,1.0,1.0
2021-10-03,DEN,BAL,-120.0,100.0,7.0,23.0,0.5217391304347826,0.0,0.0
2021-10-03,NE,TB,240.0,-300.0,17.0,19.0,0.2816901408450705,0.0,1.0
2021-10-04,LAC,LV,-170.0,145.0,28.0,14.0,0.6067006554989076,1.0,1.0
2021-10-07,SEA,LAR,120.0,-140.0,17.0,26.0,0.43795620437956195,0.0,1.0
2021-10-10,ATL,NYJ,-150.0,130.0,27.0,20.0,0.5798319327731093,1.0,1.0
2021-10-10,HOU,NE,300.0,-380.0,22.0,25.0,0.23999999999999988,0.0,1.0
2021-10-10,TB,MIA,-650.0,450.0,45.0,17.0,0.8265895953757226,1.0,1.0
2021-10-10,WAS,NO,115.0,-135.0,22.0,33.0,0.447405997144217,0.0,1.0
2021-10-10,JAC,TEN,175.0,-210.0,19.0,37.0,0.3492957746478873,0.0,1.0
2021-10-10,CAR,PHI,-140.0,120.0,18.0,21.0,0.562043795620438,0.0,0.0
2021-10-10,PIT,DEN,110.0,-130.0,27.0,19.0,0.4572564612326043,1.0,0.0
2021-10-10,CIN,GB,110.0,-130.0,22.0,25.0,0.4572564612326043,0.0,1.0
2021-10-10,MIN,DET,-450.0,350.0,19.0,17.0,0.7864077669902914,1.0,1.0
2021-10-10,LV,CHI,-250.0,205.0,9.0,20.0,0.6853932584269664,0.0,0.0
2021-10-10,LAC,CLE,-135.0,115.0,47.0,42.0,0.552594002855783,1.0,1.0
2021-10-10,ARI,SF,-280.0,230.0,17.0,10.0,0.7085889570552149,1.0,1.0
2021-10-10,DAL,NYG,-350.0,280.0,44.0,20.0,0.7471910112359551,1.0,1.0
2021-10-10,KC,BUF,-145.0,125.0,20.0,38.0,0.5711159737417943,0.0,0.0
2021-10-11,BAL,IND,-360.0,285.0,31.0,25.0,0.7508125677139762,1.0,1.0
2021-10-14,PHI,TB,240.0,-300.0,22.0,28.0,0.2816901408450705,0.0,1.0
2021-10-17,JAC,MIA,105.0,-125.0,23.0,20.0,0.46753246753246747,1.0,0.0
2021-10-17,BAL,LAC,-160.0,140.0,34.0,6.0,0.5962732919254659,1.0,1.0
2021-10-17,IND,HOU,-600.0,425.0,31.0,3.0,0.8181818181818182,1.0,1.0
2021-10-17,CAR,MIN,115.0,-135.0,28.0,34.0,0.447405997144217,0.0,1.0
2021-10-17,CHI,GB,200.0,-240.0,14.0,24.0,0.3207547169811321,0.0,1.0
2021-10-17,WAS,KC,235.0,-290.0,13.0,31.0,0.28644876973925815,0.0,1.0
2021-10-17,DET,CIN,170.0,-200.0,11.0,34.0,0.3571428571428571,0.0,1.0
2021-10-17,NYG,LAR,280.0,-350.0,11.0,38.0,0.252808988764045,0.0,1.0
2021-10-17,CLE,ARI,-145.0,125.0,14.0,37.0,0.5711159737417943,0.0,0.0
2021-10-17,NE,DAL,170.0,-200.0,29.0,35.0,0.3571428571428571,0.0,1.0
2021-10-17,DEN,LV,-220.0,180.0,24.0,34.0,0.6581196581196581,0.0,0.0
2021-10-17,PIT,SEA,-230.0,190.0,23.0,20.0,0.6690070210631895,1.0,1.0
2021-10-18,TEN,BUF,220.0,-270.0,34.0,31.0,0.2998379254457051,1.0,0.0
2021-10-21,CLE,DEN,-125.0,105.0,17.0,14.0,0.5324675324675325,1.0,1.0
2021-10-24,NYG,CAR,130.0,-150.0,25.0,3.0,0.4201680672268908,1.0,0.0
2021-10-24,GB,WAS,-440.0,340.0,24.0,10.0,0.7819063004846527,1.0,1.0
2021-10-24,MIA,ATL,105.0,-125.0,28.0,30.0,0.46753246753246747,0.0,1.0
2021-10-24,TEN,KC,170.0,-200.0,27.0,3.0,0.3571428571428571,1.0,0.0
2021-10-24,NE,NYJ,-340.0,270.0,54.0,13.0,0.740871613663133,1.0,1.0
2021-10-24,BAL,CIN,-280.0,230.0,17.0,41.0,0.7085889570552149,0.0,0.0
2021-10-24,LAR,DET,-1600.0,850.0,28.0,19.0,0.8994082840236687,1.0,1.0
2021-10-24,LV,PHI,-110.0,-110.0,33.0,22.0,0.5,1.0,0.5
2021-10-24,ARI,HOU,-2400.0,1100.0,31.0,5.0,0.9201277955271566,1.0,1.0
2021-10-24,TB,CHI,-800.0,550.0,38.0,3.0,0.8524590163934426,1.0,1.0
2021-10-24,SF,IND,-175.0,150.0,18.0,30.0,0.6140350877192982,0.0,0.0
2021-10-25,SEA,NO,205.0,-250.0,10.0,13.0,0.3146067415730337,0.0,1.0
2021-10-28,ARI,GB,-280.0,230.0,21.0,24.0,0.7085889570552149,0.0,0.0
2021-10-31,IND,TEN,-150.0,130.0,31.0,34.0,0.5798319327731093,0.0,0.0
2021-10-31,BUF,MIA,-1100.0,700.0,26.0,11.0,0.88,1.0,1.0
2021-10-31,CHI,SF,175.0,-210.0,22.0,33.0,0.3492957746478873,0.0,1.0
2021-10-31,CLE,PIT,-230.0,190.0,10.0,15.0,0.6690070210631895,0.0,0.0
2021-10-31,DET,PHI,145.0,-170.0,6.0,44.0,0.3932993445010926,0.0,1.0
2021-10-31,ATL,CAR,-135.0,115.0,13.0,19.0,0.552594002855783,0.0,0.0
2021-10-31,HOU,LAR,800.0,-1400.0,22.0,38.0,0.1063829787234043,0.0,1.0
2021-10-31,NYJ,CIN,425.0,-600.0,34.0,31.0,0.18181818181818177,1.0,0.0
2021-10-31,LAC,NE,-200.0,170.0,24.0,27.0,0.6428571428571429,0.0,0.0
2021-10-31,SEA,JAC,-200.0,170.0,31.0,7.0,0.6428571428571429,1.0,1.0
2021-10-31,NO,TB,170.0,-200.0,36.0,27.0,0.3571428571428571,1.0,0.0
2021-10-31,DEN,WAS,-200.0,170.0,17.0,10.0,0.6428571428571429,1.0,1.0
2021-10-31,MIN,DAL,-210.0,175.0,16.0,20.0,0.6507042253521127,0.0,0.0
2021-11-01,KC,NYG,-600.0,425.0,20.0,17.0,0.8181818181818182,1.0,1.0
2021-11-04,IND,NYJ,-550.0,400.0,45.0,30.0,0.8088235294117648,1.0,1.0
2021-11-07,DAL,DEN,-475.0,360.0,16.0,30.0,0.7916666666666667,0.0,0.0
2021-11-07,BAL,MIN,-330.0,260.0,34.0,31.0,0.7342398022249691,1.0,1.0
2021-11-07,CAR,NE,155.0,-180.0,6.0,24.0,0.37889039242219213,0.0,1.0
2021-11-07,CIN,CLE,-130.0,110.0,16.0,41.0,0.5427435387673956,0.0,0.0
2021-11-07,NO,ATL,-300.0,240.0,25.0,27.0,0.7183098591549296,0.0,0.0
2021-11-07,MIA,HOU,-190.0,160.0,17.0,9.0,0.6301020408163265,1.0,1.0
2021-11-07,JAC,BUF,700.0,-1100.0,9.0,6.0,0.11999999999999988,1.0,0.0
2021-11-07,NYG,LV,140.0,-160.0,23.0,16.0,0.40372670807453415,1.0,0.0
2021-11-07,PHI,LAC,-110.0,-110.0,24.0,27.0,0.5,0.0,0.5
2021-11-07,SF,ARI,-250.0,205.0,17.0,31.0,0.6853932584269664,0.0,0.0
2021-11-07,KC,GB,-360.0,285.0,13.0,7.0,0.7508125677139762,1.0,1.0
2021-11-07,LAR,TEN,-350.0,280.0,16.0,28.0,0.7471910112359551,0.0,0.0
2021-11-08,PIT,CHI,-320.0,250.0,29.0,27.0,0.7272727272727273,1.0,1.0
2021-11-11,MIA,BAL,330.0,-430.0,22.0,10.0,0.22278268179907523,1.0,0.0
2021-11-14,TEN,NO,-160.0,140.0,23.0,21.0,0.5962732919254659,1.0,1.0
2021-11-14,PIT,DET,-250.0,205.0,16.0,16.0,0.6853932584269664,0.5,0.5
2021-11-14,DAL,ATL,-360.0,285.0,43.0,3.0,0.7508125677139762,1.0,1.0
2021-11-14,NYJ,BUF,550.0,-800.0,17.0,45.0,0.14754098360655732,0.0,1.0
2021-11-14,WAS,TB,350.0,-450.0,29.0,19.0,0.21359223300970875,1.0,0.0
2021-11-14,NE,CLE,-140.0,120.0,45.0,7.0,0.562043795620438,1.0,1.0
2021-11-14,IND,JAC,-475.0,360.0,23.0,17.0,0.7916666666666667,1.0,1.0
2021-11-14,ARI,CAR,-340.0,270.0,10.0,34.0,0.740871613663133,0.0,0.0
2021-11-14,LAC,MIN,-180.0,155.0,20.0,27.0,0.621109607577808,0.0,0.0
2021-11-14,DEN,PHI,-110.0,-110.0,13.0,30.0,0.5,0.0,0.5
2021-11-14,GB,SEA,-170.0,145.0,17.0,0.0,0.6067006554989076,1.0,1.0
2021-11-14,LV,KC,130.0,-150.0,14.0,41.0,0.4201680672268908,0.0,1.0
2021-11-15,SF,LAR,160.0,-190.0,31.0,10.0,0.3698979591836734,1.0,0.0
2021-11-18,ATL,NE,260.0,-330.0,0.0,25.0,0.2657601977750308,0.0,1.0
2021-11-21,NYJ,MIA,170.0,-200.0,17.0,24.0,0.3571428571428571,0.0,1.0
2021-11-21,CHI,BAL,100.0,-120.0,13.0,16.0,0.4782608695652174,0.0,1.0
2021-11-21,MIN,GB,105.0,-125.0,34.0,31.0,0.46753246753246747,1.0,0.0
2021-11-21,BUF,IND,-300.0,240.0,15.0,41.0,0.7183098591549296,0.0,0.0
2021-11-21,CAR,WAS,-170.0,145.0,21.0,27.0,0.6067006554989076,0.0,0.0
2021-11-21,CLE,DET,-700.0,475.0,13.0,10.0,0.8341968911917099,1.0,1.0
2021-11-21,PHI,NO,-160.0,140.0,40.0,29.0,0.5962732919254659,1.0,1.0
2021-11-21,TEN,HOU,-475.0,360.0,13.0,22.0,0.7916666666666667,0.0,0.0
2021-11-21,JAC,SF,235.0,-290.0,10.0,30.0,0.28644876973925815,0.0,1.0
2021-11-21,LV,CIN,110.0,-130.0,13.0,32.0,0.4572564612326043,0.0,1.0
2021-11-21,SEA,ARI,-230.0,190.0,13.0,23.0,0.6690070210631895,0.0,0.0
2021-11-21,KC,DAL,-140.0,120.0,19.0,9.0,0.562043795620438,1.0,1.0
2021-11-21,LAC,PIT,-280.0,230.0,41.0,37.0,0.7085889570552149,1.0,1.0
2021-11-22,TB,NYG,-550.0,400.0,30.0,10.0,0.8088235294117648,1.0,1.0
2021-11-25,DET,CHI,115.0,-135.0,14.0,16.0,0.447405997144217,0.0,1.0
2021-11-25,DAL,LV,-330.0,260.0,33.0,36.0,0.7342398022249691,0.0,0.0
2021-11-25,NO,BUF,240.0,-300.0,6.0,31.0,0.2816901408450705,0.0,1.0
2021-11-28,NYG,PHI,170.0,-200.0,13.0,7.0,0.3571428571428571,1.0,0.0
2021-11-28,JAC,ATL,110.0,-130.0,14.0,21.0,0.4572564612326043,0.0,1.0
2021-11-28,CIN,PIT,-180.0,155.0,41.0,10.0,0.621109607577808,1.0,1.0
2021-11-28,NE,TEN,-330.0,260.0,36.0,13.0,0.7342398022249691,1.0,1.0
2021-11-28,HOU,NYJ,-145.0,125.0,14.0,21.0,0.5711159737417943,0.0,0.0
2021-11-28,IND,TB,130.0,-150.0,31.0,38.0,0.4201680672268908,0.0,1.0
2021-11-28,MIA,CAR,100.0,-120.0,33.0,10.0,0.4782608695652174,1.0,0.0
2021-11-28,DEN,LAC,130.0,-150.0,28.0,13.0,0.4201680672268908,1.0,0.0
2021-11-28,GB,LAR,105.0,-125.0,36.0,28.0,0.46753246753246747,1.0,0.0
2021-11-28,SF,MIN,-200.0,170.0,34.0,26.0,0.6428571428571429,1.0,1.0
2021-11-28,BAL,CLE,-160.0,140.0,16.0,10.0,0.5962732919254659,1.0,1.0
2021-11-29,WAS,SEA,110.0,-130.0,17.0,15.0,0.4572564612326043,1.0,0.0
2021-12-02,NO,DAL,235.0,-290.0,17.0,27.0,0.28644876973925815,0.0,1.0
2021-12-05,MIA,NYG,-320.0,250.0,20.0,9.0,0.7272727272727273,1.0,1.0
2021-12-05,HOU,IND,350.0,-450.0,0.0,31.0,0.21359223300970875,0.0,1.0
2021-12-05,CIN,LAC,-145.0,125.0,22.0,41.0,0.5711159737417943,0.0,0.0
2021-12-05,NYJ,PHI,180.0,-220.0,18.0,33.0,0.3418803418803419,0.0,1.0
2021-12-05,ATL,TB,400.0,-550.0,17.0,30.0,0.1911764705882354,0.0,1.0
2021-12-05,CHI,ARI,300.0,-380.0,22.0,33.0,0.23999999999999988,0.0,1.0
2021-12-05,DET,MIN,260.0,-330.0,29.0,27.0,0.2657601977750308,1.0,0.0
2021-12-05,LAR,JAC,-900.0,600.0,37.0,7.0,0.863013698630137,1.0,1.0
2021-12-05,LV,WAS,-130.0,110.0,15.0,17.0,0.5427435387673956,0.0,0.0
2021-12-05,SEA,SF,125.0,-145.0,30.0,23.0,0.42888402625820565,1.0,0.0
2021-12-05,PIT,BAL,170.0,-200.0,20.0,19.0,0.3571428571428571,1.0,0.0
2021-12-05,KC,DEN,-420.0,320.0,22.0,9.0,0.7723292469352014,1.0,1.0
2021-12-06,BUF,NE,-145.0,125.0,10.0,14.0,0.5711159737417943,0.0,0.0
2021-12-09,MIN,PIT,-175.0,150.0,36.0,28.0,0.6140350877192982,1.0,1.0
2021-12-12,HOU,SEA,350.0,-450.0,13.0,33.0,0.21359223300970875,0.0,1.0
2021-12-12,KC,LV,-475.0,360.0,48.0,9.0,0.7916666666666667,1.0,1.0
2021-12-12,CAR,ATL,-140.0,120.0,21.0,29.0,0.562043795620438,0.0,0.0
2021-12-12,WAS,DAL,220.0,-270.0,20.0,27.0,0.2998379254457051,0.0,1.0
2021-12-12,NYJ,NO,175.0,-210.0,9.0,30.0,0.3492957746478873,0.0,1.0
2021-12-12,CLE,BAL,-160.0,140.0,24.0,22.0,0.5962732919254659,1.0,1.0
2021-12-12,TEN,JAC,-430.0,330.0,20.0,0.0,0.7772173182009248,1.0,1.0
2021-12-12,DEN,DET,-700.0,475.0,38.0,10.0,0.8341968911917099,1.0,1.0
2021-12-12,LAC,NYG,-430.0,330.0,37.0,21.0,0.7772173182009248,1.0,1.0
2021-12-12,CIN,SF,115.0,-135.0,23.0,26.0,0.447405997144217,0.0,1.0
2021-12-12,TB,BUF,-175.0,150.0,33.0,27.0,0.6140350877192982,1.0,1.0
2021-12-12,GB,CHI,-700.0,475.0,45.0,30.0,0.8341968911917099,1.0,1.0
2021-12-13,ARI,LAR,-175.0,150.0,23.0,30.0,0.6140350877192982,0.0,0.0
2021-12-16,LAC,KC,145.0,-170.0,28.0,34.0,0.3932993445010926,0.0,1.0
2021-12-18,IND,NE,-120.0,100.0,27.0,17.0,0.5217391304347826,1.0,1.0
2021-12-19,JAC,HOU,-220.0,180.0,16.0,30.0,0.6581196581196581,0.0,0.0
2021-12-19,DET,ARI,550.0,-800.0,30.0,12.0,0.14754098360655732,1.0,0.0
2021-12-19,PIT,TEN,-125.0,105.0,19.0,13.0,0.5324675324675325,1.0,1.0
2021-12-19,NYG,DAL,425.0,-600.0,6.0,21.0,0.18181818181818177,0.0,1.0
2021-12-19,BUF,CAR,-700.0,475.0,31.0,14.0,0.8341968911917099,1.0,1.0
2021-12-19,MIA,NYJ,-440.0,340.0,31.0,24.0,0.7819063004846527,1.0,1.0
2021-12-19,SF,ATL,-420.0,320.0,31.0,13.0,0.7723292469352014,1.0,1.0
2021-12-19,DEN,CIN,-160.0,140.0,10.0,15.0,0.5962732919254659,0.0,0.0
2021-12-19,BAL,GB,310.0,-400.0,30.0,31.0,0.23364485981308414,0.0,1.0
2021-12-19,TB,NO,-600.0,425.0,0.0,9.0,0.8181818181818182,0.0,0.0
2021-12-20,CLE,LV,125.0,-145.0,14.0,16.0,0.42888402625820565,0.0,1.0
2021-12-20,CHI,MIN,250.0,-320.0,9.0,17.0,0.2727272727272726,0.0,1.0
2021-12-21,LAR,SEA,-360.0,285.0,20.0,10.0,0.7508125677139762,1.0,1.0
2021-12-21,PHI,WAS,-475.0,360.0,27.0,17.0,0.7916666666666667,1.0,1.0
2021-12-23,TEN,SF,150.0,-175.0,20.0,17.0,0.38596491228070173,1.0,0.0
2021-12-25,GB,CLE,-450.0,350.0,24.0,22.0,0.7864077669902914,1.0,1.0
2021-12-25,ARI,IND,-170.0,145.0,16.0,22.0,0.6067006554989076,0.0,0.0
2021-12-26,NE,BUF,-115.0,-105.0,21.0,33.0,0.5108342361863489,0.0,0.0
2021-12-26,CIN,BAL,-360.0,285.0,41.0,21.0,0.7508125677139762,1.0,1.0
2021-12-26,ATL,DET,-380.0,300.0,20.0,16.0,0.76,1.0,1.0
2021-12-26,HOU,LAC,475.0,-700.0,41.0,29.0,0.16580310880829008,1.0,0.0
2021-12-26,NYJ,JAC,-135.0,115.0,26.0,21.0,0.552594002855783,1.0,1.0
2021-12-26,PHI,NYG,-600.0,425.0,34.0,10.0,0.8181818181818182,1.0,1.0
2021-12-26,MIN,LAR,150.0,-175.0,23.0,30.0,0.38596491228070173,0.0,1.0
2021-12-26,CAR,TB,400.0,-550.0,6.0,32.0,0.1911764705882354,0.0,1.0
2021-12-26,SEA,CHI,-330.0,260.0,24.0,25.0,0.7342398022249691,0.0,0.0
2021-12-26,KC,PIT,-450.0,350.0,36.0,10.0,0.7864077669902914,1.0,1.0
2021-12-26,LV,DEN,-110.0,-110.0,17.0,13.0,0.5,1.0,0.5
2021-12-26,DAL,WAS,-475.0,360.0,56.0,14.0,0.7916666666666667,1.0,1.0
2021-12-27,NO,MIA,145.0,-170.0,3.0,20.0,0.3932993445010926,0.0,1.0
2022-01-02,BUF,ATL,-1000.0,650.0,29.0,15.0,0.872093023255814,1.0,1.0
2022-01-02,TEN,MIA,-170.0,145.0,34.0,3.0,0.6067006554989076,1.0,1.0
2022-01-02,BAL,LAR,260.0,-330.0,19.0,20.0,0.2657601977750308,0.0,1.0
2022-01-02,NE,JAC,-1400.0,800.0,50.0,10.0,0.8936170212765958,1.0,1.0
2022-01-02,IND,LV,-400.0,310.0,20.0,23.0,0.7663551401869159,0.0,0.0
2022-01-02,CIN,KC,160.0,-190.0,34.0,31.0,0.3698979591836734,1.0,0.0
2022-01-02,NYJ,TB,600.0,-900.0,24.0,28.0,0.136986301369863,0.0,1.0
2022-01-02,CHI,NYG,-300.0,240.0,29.0,3.0,0.7183098591549296,1.0,1.0
2022-01-02,WAS,PHI,205.0,-250.0,16.0,20.0,0.3146067415730337,0.0,1.0
2022-01-02,SF,HOU,-700.0,475.0,23.0,7.0,0.8341968911917099,1.0,1.0
2022-01-02,LAC,DEN,-360.0,285.0,34.0,13.0,0.7508125677139762,1.0,1.0
2022-01-02,NO,CAR,-300.0,240.0,18.0,10.0,0.7183098591549296,1.0,1.0
2022-01-02,DAL,ARI,-280.0,230.0,22.0,25.0,0.7085889570552149,0.0,0.0
2022-01-02,SEA,DET,-430.0,330.0,51.0,29.0,0.7772173182009248,1.0,1.0
2022-01-02,GB,MIN,-800.0,550.0,37.0,10.0,0.8524590163934426,1.0,1.0
2022-01-03,PIT,CLE,105.0,-125.0,26.0,14.0,0.46753246753246747,1.0,0.0
2022-01-08,DEN,KC,475.0,-700.0,24.0,28.0,0.16580310880829008,0.0,1.0
2022-01-08,PHI,DAL,220.0,-270.0,26.0,51.0,0.2998379254457051,0.0,1.0
2022-01-09,BAL,PIT,-160.0,140.0,13.0,16.0,0.5962732919254659,0.0,0.0
2022-01-09,JAC,IND,650.0,-1000.0,26.0,11.0,0.12790697674418616,1.0,0.0
2022-01-09,MIN,CHI,-180.0,155.0,31.0,17.0,0.621109607577808,1.0,1.0
2022-01-09,NYG,WAS,205.0,-250.0,7.0,22.0,0.3146067415730337,0.0,1.0
2022-01-09,DET,GB,170.0,-200.0,37.0,30.0,0.3571428571428571,1.0,0.0
2022-01-09,CLE,CIN,-270.0,220.0,21.0,16.0,0.700162074554295,1.0,1.0
2022-01-09,HOU,TEN,450.0,-650.0,25.0,28.0,0.17341040462427748,0.0,1.0
2022-01-09,ATL,NO,180.0,-220.0,20.0,30.0,0.3418803418803419,0.0,1.0
2022-01-09,ARI,SEA,-240.0,200.0,30.0,38.0,0.679245283018868,0.0,0.0
2022-01-09,TB,CAR,-550.0,400.0,41.0,17.0,0.8088235294117648,1.0,1.0
2022-01-09,LAR,SF,-170.0,145.0,24.0,27.0,0.6067006554989076,0.0,0.0
2022-01-09,BUF,NYJ,-1100.0,700.0,27.0,10.0,0.88,1.0,1.0
2022-01-09,MIA,NE,220.0,-270.0,33.0,24.0,0.2998379254457051,1.0,0.0
2022-01-09,LV,LAC,145.0,-170.0,35.0,32.0,0.3932993445010926,1.0,0.0
2022-09-08,LAR,BUF,110.0,-130.0,10.0,31.0,0.4572564612326043,0.0,1.0
2022-09-11,MIA,NE,-170.0,143.0,20.0,7.0,0.6047430830039526,1.0,1.0
2022-09-11,CIN,PIT,-335.0,260.0,20.0,23.0,0.7349177330895795,0.0,0.0
2022-09-11,ATL,NO,196.0,-240.0,26.0,27.0,0.32368621477532367,0.0,1.0
2022-09-11,NYJ,BAL,240.0,-305.0,9.0,24.0,0.28085991678224687,0.0,1.0
2022-09-11,CAR,CLE,-130.0,110.0,24.0,26.0,0.5427435387673956,0.0,0.0
2022-09-11,WAS,JAC,-160.0,135.0,28.0,22.0,0.5911949685534591,1.0,1.0
2022-09-11,DET,PHI,205.0,-250.0,35.0,38.0,0.3146067415730337,0.0,1.0
2022-09-11,CHI,SF,228.0,-285.0,19.0,10.0,0.2917108652826186,1.0,0.0
2022-09-11,HOU,IND,260.0,-335.0,20.0,20.0,0.26508226691042047,0.5,0.5
2022-09-11,MIN,GB,-130.0,110.0,23.0,7.0,0.5427435387673956,1.0,1.0
2022-09-11,ARI,KC,215.0,-267.0,21.0,44.0,0.3037953727080833,0.0,1.0
2022-09-11,TEN,NYG,-250.0,205.0,20.0,21.0,0.6853932584269664,0.0,0.0
2022-09-11,LAC,LV,-190.0,158.0,24.0,19.0,0.628300435785696,1.0,1.0
2022-09-11,DAL,TB,118.0,-140.0,3.0,19.0,0.4402054292002935,0.0,1.0
2022-09-12,SEA,DEN,235.0,-292.0,17.0,16.0,0.2860896219529996,1.0,0.0
2022-09-15,KC,LAC,-210.0,175.0,27.0,24.0,0.6507042253521127,1.0,1.0
2022-09-18,BAL,MIA,-175.0,148.0,38.0,42.0,0.61212976022567,0.0,0.0
2022-09-18,PIT,NE,130.0,-155.0,14.0,17.0,0.41700735895339336,0.0,1.0
2022-09-18,JAC,IND,140.0,-165.0,24.0,0.0,0.40090771558245086,1.0,0.0
2022-09-18,NYG,CAR,100.0,-120.0,19.0,16.0,0.4782608695652174,1.0,0.0
2022-09-18,CLE,NYJ,-267.0,215.0,30.0,31.0,0.6962046272919168,0.0,0.0
2022-09-18,NO,TB,122.0,-145.0,10.0,20.0,0.43217498677015354,0.0,1.0
2022-09-18,DET,WAS,-110.0,-110.0,36.0,27.0,0.5,1.0,0.5
2022-09-18,LAR,ATL,-550.0,400.0,31.0,27.0,0.8088235294117648,1.0,1.0
2022-09-18,SF,SEA,-400.0,310.0,27.0,7.0,0.7663551401869159,1.0,1.0
2022-09-18,DAL,CIN,275.0,-350.0,20.0,17.0,0.25531914893617025,1.0,0.0
2022-09-18,DEN,HOU,-480.0,360.0,16.0,9.0,0.7919655667144907,1.0,1.0
2022-09-18,LV,ARI,-240.0,196.0,23.0,29.0,0.6763137852246763,0.0,0.0
2022-09-18,GB,CHI,-480.0,360.0,27.0,10.0,0.7919655667144907,1.0,1.0
2022-09-19,BUF,TEN,-480.0,360.0,41.0,7.0,0.7919655667144907,1.0,1.0
2022-09-19,PHI,MIN,-145.0,122.0,24.0,7.0,0.5678250132298466,1.0,1.0
2022-09-22,CLE,PIT,-215.0,178.0,29.0,17.0,0.6548701654431905,1.0,1.0
2022-09-25,NE,BAL,118.0,-140.0,26.0,37.0,0.4402054292002935,0.0,1.0
2022-09-25,IND,KC,185.0,-225.0,20.0,17.0,0.3363518758085382,1.0,0.0
2022-09-25,CHI,HOU,-170.0,143.0,23.0,20.0,0.6047430830039526,1.0,1.0
2022-09-25,TEN,LV,110.0,-130.0,24.0,22.0,0.4572564612326043,1.0,0.0
2022-09-25,CAR,NO,110.0,-130.0,22.0,14.0,0.4572564612326043,1.0,0.0
2022-09-25,WAS,PHI,205.0,-250.0,8.0,24.0,0.3146067415730337,0.0,1.0
2022-09-25,NYJ,CIN,222.0,-278.0,12.0,27.0,0.29689905432153074,0.0,1.0
2022-09-25,MIA,BUF,170.0,-205.0,21.0,19.0,0.35527082119976705,1.0,0.0
2022-09-25,MIN,DET,-285.0,228.0,28.0,24.0,0.7082891347173814,1.0,1.0
2022-09-25,LAC,JAC,-160.0,135.0,10.0,38.0,0.5911949685534591,0.0,0.0
2022-09-25,ARI,LAR,158.0,-190.0,12.0,20.0,0.37169956421430406,0.0,1.0
2022-09-25,TB,GB,-125.0,105.0,12.0,14.0,0.5324675324675325,0.0,0.0
2022-09-25,SEA,ATL,-115.0,-105.0,23.0,27.0,0.5108342361863489,0.0,0.0
2022-09-25,DEN,SF,110.0,-130.0,11.0,10.0,0.4572564612326043,1.0,0.0
2022-09-26,NYG,DAL,-130.0,110.0,16.0,23.0,0.5427435387673956,0.0,0.0
2022-09-29,CIN,MIA,-210.0,175.0,27.0,15.0,0.6507042253521127,1.0,1.0
2022-10-02,NO,MIN,180.0,-220.0,25.0,28.0,0.3418803418803419,0.0,1.0
2022-10-02,IND,TEN,-210.0,175.0,17.0,24.0,0.6507042253521127,0.0,0.0
2022-10-02,PIT,NYJ,-170.0,143.0,20.0,24.0,0.6047430830039526,0.0,0.0
2022-10-02,DET,SEA,-175.0,148.0,45.0,48.0,0.61212976022567,0.0,0.0
2022-10-02,NYG,CHI,-155.0,130.0,20.0,12.0,0.5829926410466066,1.0,1.0
2022-10-02,DAL,WAS,-165.0,140.0,25.0,10.0,0.5990922844175492,1.0,1.0
2022-10-02,BAL,BUF,150.0,-178.0,20.0,23.0,0.3845089903181189,0.0,1.0
2022-10-02,ATL,CLE,100.0,-120.0,23.0,20.0,0.4782608695652174,1.0,0.0
2022-10-02,PHI,JAC,-285.0,228.0,29.0,21.0,0.7082891347173814,1.0,1.0
2022-10-02,HOU,LAC,205.0,-250.0,24.0,34.0,0.3146067415730337,0.0,1.0
2022-10-02,CAR,ARI,-110.0,-110.0,16.0,26.0,0.5,0.0,0.5
2022-10-02,GB,NE,-480.0,360.0,27.0,24.0,0.7919655667144907,1.0,1.0
2022-10-02,LV,DEN,-145.0,122.0,32.0,23.0,0.5678250132298466,1.0,1.0
2022-10-02,TB,KC,-130.0,110.0,31.0,41.0,0.5427435387673956,0.0,0.0
2022-10-03,SF,LAR,-130.0,110.0,24.0,9.0,0.5427435387673956,1.0,1.0
2022-10-06,DEN,IND,-178.0,150.0,9.0,12.0,0.6154910096818811,0.0,0.0
2022-10-09,GB,NYG,-455.0,345.0,22.0,27.0,0.7848628743095262,0.0,0.0
2022-10-09,MIN,CHI,-350.0,275.0,29.0,22.0,0.7446808510638299,1.0,1.0
2022-10-09,JAC,HOU,-320.0,250.0,6.0,13.0,0.7272727272727273,0.0,0.0
2022-10-09,TB,ATL,-550.0,400.0,21.0,15.0,0.8088235294117648,1.0,1.0
2022-10-09,NO,SEA,-225.0,185.0,39.0,32.0,0.6636481241914619,1.0,1.0
2022-10-09,CLE,LAC,105.0,-125.0,28.0,30.0,0.46753246753246747,0.0,1.0
2022-10-09,WAS,TEN,-110.0,-110.0,17.0,21.0,0.5,0.0,0.5
2022-10-09,BUF,PIT,-900.0,600.0,38.0,3.0,0.863013698630137,1.0,1.0
2022-10-09,NYJ,MIA,143.0,-170.0,40.0,17.0,0.3952569169960475,1.0,0.0
2022-10-09,NE,DET,-160.0,135.0,29.0,0.0,0.5911949685534591,1.0,1.0
2022-10-09,CAR,SF,210.0,-260.0,15.0,37.0,0.3087478559176673,0.0,1.0
2022-10-09,ARI,PHI,192.0,-235.0,17.0,20.0,0.3280454367410889,0.0,1.0
2022-10-09,LAR,DAL,-235.0,192.0,10.0,22.0,0.6719545632589111,0.0,0.0
2022-10-09,BAL,CIN,-165.0,140.0,19.0,17.0,0.5990922844175492,1.0,1.0
2022-10-10,KC,LV,-350.0,275.0,30.0,29.0,0.7446808510638299,1.0,1.0
2022-10-13,CHI,WAS,110.0,-130.0,7.0,12.0,0.4572564612326043,0.0,1.0
2022-10-16,NYG,BAL,215.0,-267.0,24.0,20.0,0.3037953727080833,1.0,0.0
2022-10-16,IND,JAC,-125.0,105.0,34.0,27.0,0.5324675324675325,1.0,1.0
2022-10-16,MIA,MIN,143.0,-170.0,16.0,24.0,0.3952569169960475,0.0,1.0
2022-10-16,NO,CIN,143.0,-170.0,26.0,30.0,0.3952569169960475,0.0,1.0
2022-10-16,PIT,TB,345.0,-455.0,20.0,18.0,0.21513712569047394,1.0,0.0
2022-10-16,CLE,NE,-140.0,118.0,15.0,38.0,0.5597945707997065,0.0,0.0
2022-10-16,GB,NYJ,-365.0,285.0,10.0,27.0,0.7513701376821281,0.0,0.0
2022-10-16,ATL,SF,158.0,-190.0,28.0,14.0,0.37169956421430406,1.0,0.0
2022-10-16,SEA,ARI,115.0,-135.0,19.0,9.0,0.447405997144217,1.0,0.0
2022-10-16,LAR,CAR,-455.0,345.0,24.0,10.0,0.7848628743095262,1.0,1.0
2022-10-16,KC,BUF,130.0,-155.0,20.0,24.0,0.41700735895339336,0.0,1.0
2022-10-16,PHI,DAL,-292.0,235.0,26.0,17.0,0.7139103780470005,1.0,1.0
2022-10-17,LAC,DEN,-195.0,162.0,19.0,16.0,0.6339496215411341,1.0,1.0
2022-10-20,ARI,NO,-150.0,126.0,42.0,34.0,0.5755517826825127,1.0,1.0
2022-10-23,TEN,IND,-140.0,118.0,19.0,10.0,0.5597945707997065,1.0,1.0
2022-10-23,CAR,TB,550.0,-800.0,21.0,3.0,0.14754098360655732,1.0,0.0
2022-10-23,DAL,DET,-320.0,250.0,24.0,6.0,0.7272727272727273,1.0,1.0
2022-10-23,BAL,CLE,-292.0,235.0,23.0,20.0,0.7139103780470005,1.0,1.0
2022-10-23,WAS,GB,170.0,-205.0,23.0,21.0,0.35527082119976705,1.0,0.0
2022-10-23,JAC,NYG,-178.0,150.0,17.0,23.0,0.6154910096818811,0.0,0.0
2022-10-23,CIN,ATL,-292.0,235.0,35.0,17.0,0.7139103780470005,1.0,1.0
2022-10-23,LV,HOU,-335.0,260.0,38.0,20.0,0.7349177330895795,1.0,1.0
2022-10-23,DEN,NYJ,115.0,-135.0,9.0,16.0,0.447405997144217,0.0,1.0
2022-10-23,LAC,SEA,-225.0,185.0,23.0,37.0,0.6636481241914619,0.0,0.0
2022-10-23,SF,KC,100.0,-120.0,23.0,44.0,0.4782608695652174,0.0,1.0
2022-10-23,MIA,PIT,-320.0,250.0,16.0,10.0,0.7272727272727273,1.0,1.0
2022-10-24,NE,CHI,-430.0,328.0,14.0,33.0,0.776409044886939,0.0,0.0
2022-10-27,TB,BAL,-130.0,110.0,22.0,27.0,0.5427435387673956,0.0,0.0
2022-10-30,JAC,DEN,-120.0,100.0,17.0,21.0,0.5217391304347826,0.0,0.0
2022-10-30,DAL,CHI,-480.0,360.0,49.0,29.0,0.7919655667144907,1.0,1.0
2022-10-30,NYJ,NE,140.0,-165.0,17.0,22.0,0.40090771558245086,0.0,1.0
2022-10-30,PHI,PIT,-600.0,430.0,35.0,13.0,0.8195876288659794,1.0,1.0
2022-10-30,MIN,ARI,-210.0,175.0,34.0,26.0,0.6507042253521127,1.0,1.0
2022-10-30,ATL,CAR,-210.0,175.0,37.0,34.0,0.6507042253521127,1.0,1.0
2022-10-30,NO,LV,100.0,-120.0,24.0,0.0,0.4782608695652174,1.0,0.0
2022-10-30,DET,MIA,162.0,-195.0,27.0,31.0,0.3660503784588658,0.0,1.0
2022-10-30,HOU,TEN,105.0,-125.0,10.0,17.0,0.46753246753246747,0.0,1.0
2022-10-30,IND,WAS,-150.0,126.0,16.0,17.0,0.5755517826825127,0.0,0.0
2022-10-30,LAR,SF,-110.0,-110.0,14.0,31.0,0.5,0.0,0.5
2022-10-30,SEA,NYG,-175.0,148.0,27.0,13.0,0.61212976022567,1.0,1.0
2022-10-30,BUF,GB,-550.0,400.0,27.0,17.0,0.8088235294117648,1.0,1.0
2022-10-31,CLE,CIN,140.0,-165.0,32.0,13.0,0.40090771558245086,1.0,0.0
2022-11-03,HOU,PHI,550.0,-800.0,17.0,29.0,0.14754098360655732,0.0,1.0
2022-11-06,CHI,MIA,162.0,-195.0,32.0,35.0,0.3660503784588658,0.0,1.0
2022-11-06,WAS,MIN,143.0,-170.0,17.0,20.0,0.3952569169960475,0.0,1.0
2022-11-06,NYJ,BUF,430.0,-600.0,20.0,17.0,0.18041237113402064,1.0,0.0
2022-11-06,NE,IND,-215.0,178.0,26.0,3.0,0.6548701654431905,1.0,1.0
2022-11-06,DET,GB,170.0,-205.0,15.0,9.0,0.35527082119976705,1.0,0.0
2022-11-06,ATL,LAC,122.0,-145.0,17.0,20.0,0.43217498677015354,0.0,1.0
2022-11-06,JAC,LV,115.0,-135.0,27.0,20.0,0.447405997144217,1.0,0.0
2022-11-06,CIN,CAR,-345.0,270.0,42.0,21.0,0.7415045018878885,1.0,1.0
2022-11-06,ARI,SEA,-135.0,115.0,21.0,31.0,0.552594002855783,0.0,0.0
2022-11-06,TB,LAR,-160.0,135.0,16.0,13.0,0.5911949685534591,1.0,1.0
2022-11-06,KC,TEN,-900.0,600.0,20.0,17.0,0.863013698630137,1.0,1.0
2022-11-07,NO,BAL,105.0,-125.0,13.0,27.0,0.46753246753246747,0.0,1.0
2022-11-10,CAR,ATL,122.0,-145.0,25.0,15.0,0.43217498677015354,1.0,0.0
2022-11-13,TB,SEA,-145.0,122.0,21.0,16.0,0.5678250132298466,1.0,1.0
2022-11-13,BUF,MIN,-260.0,210.0,30.0,33.0,0.6912521440823328,0.0,0.0
2022-11-13,TEN,DEN,-135.0,115.0,17.0,10.0,0.552594002855783,1.0,1.0
2022-11-13,NYG,HOU,-225.0,185.0,24.0,16.0,0.6636481241914619,1.0,1.0
2022-11-13,MIA,CLE,-178.0,150.0,39.0,17.0,0.6154910096818811,1.0,1.0
2022-11-13,PIT,NO,-120.0,100.0,20.0,10.0,0.5217391304347826,1.0,1.0
2022-11-13,KC,JAC,-455.0,345.0,27.0,17.0,0.7848628743095262,1.0,1.0
2022-11-13,CHI,DET,-160.0,135.0,30.0,31.0,0.5911949685534591,0.0,0.0
2022-11-13,LV,IND,-220.0,180.0,20.0,25.0,0.6581196581196581,0.0,0.0
2022-11-13,GB,DAL,170.0,-205.0,31.0,28.0,0.35527082119976705,1.0,0.0
2022-11-13,LAR,ARI,-175.0,148.0,17.0,27.0,0.61212976022567,0.0,0.0
2022-11-13,SF,LAC,-385.0,300.0,22.0,16.0,0.7604938271604937,1.0,1.0
2022-11-14,PHI,WAS,-550.0,400.0,21.0,32.0,0.8088235294117648,0.0,0.0
2022-11-17,GB,TEN,-180.0,152.0,17.0,27.0,0.6183206106870229,0.0,0.0
2022-11-20,NYG,DET,-170.0,143.0,18.0,31.0,0.6047430830039526,0.0,0.0
2022-11-20,BUF,CLE,-365.0,285.0,31.0,23.0,0.7513701376821281,1.0,1.0
2022-11-20,BAL,CAR,-700.0,500.0,13.0,3.0,0.8400000000000001,1.0,1.0
2022-11-20,NE,NYJ,-178.0,150.0,10.0,3.0,0.6154910096818811,1.0,1.0
2022-11-20,ATL,CHI,-130.0,110.0,27.0,24.0,0.5427435387673956,1.0,1.0
2022-11-20,IND,PHI,240.0,-305.0,16.0,17.0,0.28085991678224687,0.0,1.0
2022-11-20,HOU,WAS,140.0,-165.0,10.0,23.0,0.40090771558245086,0.0,1.0
2022-11-20,NO,LAR,-130.0,110.0,27.0,20.0,0.5427435387673956,1.0,1.0
2022-11-20,DEN,LV,-145.0,122.0,16.0,22.0,0.5678250132298466,0.0,0.0
2022-11-20,PIT,CIN,158.0,-190.0,30.0,37.0,0.37169956421430406,0.0,1.0
2022-11-20,MIN,DAL,110.0,-130.0,3.0,40.0,0.4572564612326043,0.0,1.0
2022-11-20,LAC,KC,192.0,-235.0,27.0,30.0,0.3280454367410889,0.0,1.0
2022-11-21,ARI,SF,345.0,-455.0,10.0,38.0,0.21513712569047394,0.0,1.0
2022-11-24,DET,BUF,335.0,-440.0,25.0,28.0,0.22004889975550124,0.0,1.0
2022-11-24,DAL,NYG,-480.0,360.0,28.0,20.0,0.7919655667144907,1.0,1.0
2022-11-24,MIN,NE,-145.0,122.0,33.0,26.0,0.5678250132298466,1.0,1.0
2022-11-27,TEN,CIN,-115.0,-105.0,16.0,20.0,0.5108342361863489,0.0,0.0
2022-11-27,NYJ,CHI,-385.0,300.0,31.0,10.0,0.7604938271604937,1.0,1.0
2022-11-27,CLE,TB,150.0,-178.0,23.0,17.0,0.3845089903181189,1.0,0.0
2022-11-27,CAR,DEN,-110.0,-110.0,23.0,10.0,0.5,1.0,0.5
2022-11-27,MIA,HOU,-900.0,600.0,30.0,15.0,0.863013698630137,1.0,1.0
2022-11-27,WAS,ATL,-195.0,162.0,19.0,13.0,0.6339496215411341,1.0,1.0
2022-11-27,JAC,BAL,143.0,-170.0,28.0,27.0,0.3952569169960475,1.0,0.0
2022-11-27,ARI,LAC,122.0,-145.0,24.0,25.0,0.43217498677015354,0.0,1.0
2022-11-27,SEA,LV,-205.0,170.0,34.0,40.0,0.644729178800233,0.0,0.0
2022-11-27,SF,NO,-430.0,328.0,13.0,0.0,0.776409044886939,1.0,1.0
2022-11-27,KC,LAR,-1400.0,800.0,26.0,10.0,0.8936170212765958,1.0,1.0
2022-11-27,PHI,GB,-285.0,228.0,40.0,33.0,0.7082891347173814,1.0,1.0
2022-11-28,IND,PIT,-140.0,118.0,17.0,24.0,0.5597945707997065,0.0,0.0
2022-12-01,NE,BUF,180.0,-220.0,10.0,24.0,0.3418803418803419,0.0,1.0
2022-12-04,NYG,WAS,115.0,-135.0,20.0,20.0,0.447405997144217,0.5,0.5
2022-12-04,MIN,NYJ,-155.0,130.0,27.0,22.0,0.5829926410466066,1.0,1.0
2022-12-04,ATL,PIT,105.0,-125.0,16.0,19.0,0.46753246753246747,0.0,1.0
2022-12-04,PHI,TEN,-225.0,185.0,35.0,10.0,0.6636481241914619,1.0,1.0
2022-12-04,BAL,DEN,-420.0,320.0,10.0,9.0,0.7723292469352014,1.0,1.0
2022-12-04,CHI,GB,150.0,-178.0,19.0,28.0,0.3845089903181189,0.0,1.0
2022-12-04,HOU,CLE,285.0,-365.0,14.0,27.0,0.24862986231787187,0.0,1.0
2022-12-04,DET,JAC,-120.0,100.0,40.0,14.0,0.5217391304347826,1.0,1.0
2022-12-04,SF,MIA,-235.0,192.0,33.0,17.0,0.6719545632589111,1.0,1.0
2022-12-04,LAR,SEA,260.0,-335.0,23.0,27.0,0.26508226691042047,0.0,1.0
2022-12-04,CIN,KC,122.0,-145.0,27.0,24.0,0.43217498677015354,1.0,0.0
2022-12-04,LV,LAC,-140.0,118.0,27.0,20.0,0.5597945707997065,1.0,1.0
2022-12-04,DAL,IND,-600.0,430.0,54.0,19.0,0.8195876288659794,1.0,1.0
2022-12-05,TB,NO,-190.0,158.0,17.0,16.0,0.628300435785696,1.0,1.0
2022-12-08,LAR,LV,222.0,-278.0,17.0,16.0,0.29689905432153074,1.0,0.0
2022-12-11,TEN,JAC,-178.0,150.0,22.0,36.0,0.6154910096818811,0.0,0.0
2022-12-11,NYG,PHI,270.0,-345.0,22.0,48.0,0.2584954981121116,0.0,1.0
2022-12-11,DET,MIN,-140.0,118.0,34.0,23.0,0.5597945707997065,1.0,1.0
2022-12-11,CIN,CLE,-220.0,180.0,23.0,10.0,0.6581196581196581,1.0,1.0
2022-12-11,DAL,HOU,-2400.0,1150.0,27.0,23.0,0.9230769230769231,1.0,1.0
2022-12-11,BUF,NYJ,-480.0,360.0,20.0,12.0,0.7919655667144907,1.0,1.0
2022-12-11,PIT,BAL,-130.0,110.0,14.0,16.0,0.5427435387673956,0.0,0.0
2022-12-11,DEN,KC,345.0,-455.0,28.0,34.0,0.21513712569047394,0.0,1.0
2022-12-11,SF,TB,-190.0,158.0,35.0,7.0,0.628300435785696,1.0,1.0
2022-12-11,SEA,CAR,-195.0,162.0,24.0,30.0,0.6339496215411341,0.0,0.0
2022-12-11,LAC,MIA,143.0,-170.0,23.0,17.0,0.3952569169960475,1.0,0.0
2022-12-12,ARI,NE,110.0,-130.0,13.0,27.0,0.4572564612326043,0.0,1.0
2022-12-15,SEA,SF,158.0,-190.0,13.0,21.0,0.37169956421430406,0.0,1.0
2022-12-17,MIN,IND,-195.0,162.0,39.0,36.0,0.6339496215411341,1.0,1.0
2022-12-17,CLE,BAL,-160.0,135.0,13.0,3.0,0.5911949685534591,1.0,1.0
2022-12-17,BUF,MIA,-365.0,285.0,32.0,29.0,0.7513701376821281,1.0,1.0
2022-12-18,HOU,KC,700.0,-1100.0,24.0,30.0,0.11999999999999988,0.0,1.0
2022-12-18,JAC,DAL,175.0,-210.0,40.0,34.0,0.3492957746478873,1.0,0.0
2022-12-18,CAR,PIT,-145.0,122.0,16.0,24.0,0.5678250132298466,0.0,0.0
2022-12-18,NO,ATL,-240.0,196.0,21.0,18.0,0.6763137852246763,1.0,1.0
2022-12-18,NYJ,DET,-130.0,110.0,17.0,20.0,0.5427435387673956,0.0,0.0
2022-12-18,CHI,PHI,320.0,-420.0,20.0,25.0,0.22767075306479867,0.0,1.0
2022-12-18,DEN,ARI,-125.0,105.0,24.0,15.0,0.5324675324675325,1.0,1.0
2022-12-18,LV,NE,-135.0,115.0,30.0,24.0,0.552594002855783,1.0,1.0
2022-12-18,LAC,TEN,-155.0,130.0,17.0,14.0,0.5829926410466066,1.0,1.0
2022-12-18,TB,CIN,152.0,-180.0,23.0,34.0,0.38167938931297707,0.0,1.0
2022-12-18,WAS,NYG,-210.0,175.0,12.0,20.0,0.6507042253521127,0.0,0.0
2022-12-19,GB,LAR,-365.0,285.0,24.0,12.0,0.7513701376821281,1.0,1.0
2022-12-22,NYJ,JAC,-145.0,122.0,3.0,19.0,0.5678250132298466,0.0,0.0
2022-12-24,NE,CIN,126.0,-150.0,18.0,22.0,0.4244482173174873,0.0,1.0
2022-12-24,KC,SEA,-550.0,400.0,24.0,10.0,0.8088235294117648,1.0,1.0
2022-12-24,CAR,DET,100.0,-120.0,37.0,23.0,0.4782608695652174,1.0,0.0
2022-12-24,CHI,BUF,320.0,-420.0,13.0,35.0,0.22767075306479867,0.0,1.0
2022-12-24,BAL,ATL,-292.0,235.0,17.0,9.0,0.7139103780470005,1.0,1.0
2022-12-24,CLE,NO,-190.0,158.0,10.0,17.0,0.628300435785696,0.0,0.0
2022-12-24,MIN,NYG,-225.0,185.0,27.0,24.0,0.6636481241914619,1.0,1.0
2022-12-24,TEN,HOU,-178.0,150.0,14.0,19.0,0.6154910096818811,0.0,0.0
2022-12-24,SF,WAS,-320.0,250.0,37.0,20.0,0.7272727272727273,1.0,1.0
2022-12-24,DAL,PHI,-195.0,162.0,40.0,34.0,0.6339496215411341,1.0,1.0
2022-12-24,PIT,LV,-140.0,118.0,13.0,10.0,0.5597945707997065,1.0,1.0
2022-12-25,MIA,GB,-190.0,158.0,20.0,26.0,0.628300435785696,0.0,0.0
2022-12-25,LAR,DEN,158.0,-190.0,51.0,14.0,0.37169956421430406,1.0,0.0
2022-12-25,ARI,TB,285.0,-365.0,16.0,19.0,0.24862986231787187,0.0,1.0
2022-12-26,IND,LAC,162.0,-195.0,3.0,20.0,0.3660503784588658,0.0,1.0
2022-12-29,TEN,DAL,600.0,-900.0,13.0,27.0,0.136986301369863,0.0,1.0
2023-01-01,NE,MIA,-165.0,140.0,23.0,21.0,0.5990922844175492,1.0,1.0
2023-01-01,KC,DEN,-800.0,550.0,27.0,24.0,0.8524590163934426,1.0,1.0
2023-01-01,ATL,ARI,-292.0,235.0,20.0,19.0,0.7139103780470005,1.0,1.0
2023-01-01,WAS,CLE,-120.0,100.0,10.0,24.0,0.5217391304347826,0.0,0.0
2023-01-01,PHI,NO,-240.0,196.0,10.0,20.0,0.6763137852246763,0.0,0.0
2023-01-01,NYG,IND,-250.0,205.0,38.0,10.0,0.6853932584269664,1.0,1.0
2023-01-01,HOU,JAC,158.0,-190.0,3.0,31.0,0.37169956421430406,0.0,1.0
2023-01-01,TB,CAR,-195.0,162.0,30.0,24.0,0.6339496215411341,1.0,1.0
2023-01-01,DET,CHI,-220.0,180.0,41.0,10.0,0.6581196581196581,1.0,1.0
2023-01-01,SEA,NYJ,105.0,-125.0,23.0,6.0,0.46753246753246747,1.0,0.0
2023-01-01,LV,SF,345.0,-455.0,34.0,37.0,0.21513712569047394,0.0,1.0
2023-01-01,GB,MIN,-170.0,143.0,41.0,17.0,0.6047430830039526,1.0,1.0
2023-01-01,LAC,LAR,-278.0,222.0,31.0,10.0,0.7031009456784694,1.0,1.0
2023-01-01,BAL,PIT,-120.0,100.0,13.0,16.0,0.5217391304347826,0.0,0.0
2023-01-07,LV,KC,335.0,-440.0,13.0,31.0,0.22004889975550124,0.0,1.0
2023-01-07,JAC,TEN,-285.0,228.0,20.0,16.0,0.7082891347173814,1.0,1.0
2023-01-08,MIA,NYJ,-220.0,180.0,11.0,6.0,0.6581196581196581,1.0,1.0
2023-01-08,PIT,CLE,-155.0,130.0,28.0,14.0,0.5829926410466066,1.0,1.0
2023-01-08,BUF,NE,-420.0,320.0,35.0,23.0,0.7723292469352014,1.0,1.0
2023-01-08,CHI,MIN,235.0,-292.0,13.0,29.0,0.2860896219529996,0.0,1.0
2023-01-08,NO,CAR,-190.0,158.0,7.0,10.0,0.628300435785696,0.0,0.0
2023-01-08,IND,HOU,-155.0,130.0,31.0,32.0,0.5829926410466066,0.0,0.0
2023-01-08,CIN,BAL,-700.0,500.0,27.0,16.0,0.8400000000000001,1.0,1.0
2023-01-08,ATL,TB,-240.0,196.0,30.0,17.0,0.6763137852246763,1.0,1.0
2023-01-08,SF,ARI,-1100.0,700.0,38.0,13.0,0.88,1.0,1.0
2023-01-08,DEN,LAC,-267.0,215.0,31.0,28.0,0.6962046272919168,1.0,1.0
2023-01-08,SEA,LAR,-240.0,196.0,19.0,16.0,0.6763137852246763,1.0,1.0
2023-01-08,WAS,DAL,270.0,-345.0,26.0,6.0,0.2584954981121116,1.0,0.0
2023-01-08,PHI,NYG,-1400.0,800.0,22.0,16.0,0.8936170212765958,1.0,1.0
2023-01-08,GB,DET,-250.0,205.0,16.0,20.0,0.6853932584269664,0.0,0.0