date,team1,team2,moneyline1,moneyline2,implied_prob
2019-09-05,CHI,GB,149,-171,0.3889263623186326
2019-09-08,MIN,ATL,161,-185,0.37116624340691545
2019-09-08,CAR,LAR,-125,105,0.5324675324675325
2019-09-08,CLE,TEN,207,-252,0.31271099108062966
2019-09-08,PHI,WAS,413,-550,0.18723894570070576
2019-09-08,NYJ,BUF,124,-146,0.42928940388105546
2019-09-08,MIA,BAL,-333,269,0.7394344584388934
2019-09-08,JAC,KC,-196,169,0.6404450706962733
2019-09-08,SEA,CIN,370,-478,0.20463074417616653
2019-09-08,LAC,IND,236,-286,0.2865712419077033
2019-09-08,DAL,NYG,272,-339,0.2582231424403557
2019-09-08,ARI,DET,-157,136,0.5904513003569608
2019-09-08,TB,SF,-102,-118,0.4826358742837298
2019-09-08,NE,PIT,206,-252,0.31341263622765153
2019-09-09,NO,HOU,266,-332,0.2622759726067318
2019-09-09,OAK,DEN,-157,136,0.5904513003569608
2019-09-12,CAR,TB,238,-292,0.2842722051401056
2019-09-15,WAS,DAL,-276,226,0.7052737191948328
2019-09-15,GB,MIN,140,-162,0.4025814382298709
2019-09-15,MIA,NE,-2033,1064,0.917316351592736
2019-09-15,PIT,SEA,177,-211,0.34730365059689333
2019-09-15,BAL,ARI,550,-802,0.1475061324611611
2019-09-15,CIN,SF,-106,-114,0.49133599029630914
2019-09-15,DET,LAC,-115,-104,0.5120034919249236
2019-09-15,TEN,IND,153,-177,0.38216912018322047
2019-09-15,HOU,JAC,281,-353,0.25195641654569423
2019-09-15,NYG,BUF,-121,101,0.5239223627237674
2019-09-15,OAK,KC,-321,257,0.7313286150979278
2019-09-15,LAR,NO,107,-127,0.46336932780828344
2019-09-15,DEN,CHI,-154,133,0.5855226657093437
2019-09-15,ATL,PHI,-117,-103,0.5151837230488916
2019-09-16,NYJ,CLE,-285,242,0.7168493049937487
2019-09-19,JAC,TEN,-130,109,0.5415587004185769
2019-09-22,BUF,CIN,215,-262,0.30489345573991405
2019-09-22,DAL,MIA,1414,-3780,0.0634928946868884
2019-09-22,IND,ATL,105,-124,0.46842325386867417
2019-09-22,PHI,DET,187,-224,0.33509846102929014
2019-09-22,GB,DEN,293,-370,0.24427004833428617
2019-09-22,KC,BAL,190,-233,0.3301278873797958
2019-09-22,NE,NYJ,1334,-3153,0.06711780505589163
2019-09-22,MIN,OAK,353,-455,0.21214379909408865
2019-09-22,ARI,CAR,117,-137,0.44357932957757024
2019-09-22,TB,NYG,195,-239,0.3246970930510991
2019-09-22,SF,PIT,238,-290,0.28462998102466797
2019-09-22,LAC,HOU,144,-166,0.39639961850262273
2019-09-22,SEA,NO,204,-248,0.31581240017424134
2019-09-22,CLE,LAR,-207,174,0.6488137454528815
2019-09-23,WAS,CHI,-234,193,0.6724269826013612
2019-09-26,GB,PHI,166,-193,0.3633522656811925
2019-09-29,DET,KC,-391,308,0.7646528749736373
2019-09-29,IND,OAK,209,-255,0.31059976376919374
2019-09-29,BAL,CLE,282,-354,0.25134530637553426
2019-09-29,BUF,NE,-351,279,0.7468127031533327
2019-09-29,MIA,LAC,-945,627,0.86797470673329
2019-09-29,ATL,TEN,154,-177,0.3812381293181756
2019-09-29,HOU,CAR,208,-254,0.3115319628273726
2019-09-29,NYG,WAS,147,-169,0.3918826391620413
2019-09-29,LAR,TB,368,-483,0.2050333398981515
2019-09-29,ARI,SEA,-255,209,0.6894002362308063
2019-09-29,CHI,MIN,-109,-111,0.4978354041300489
2019-09-29,DEN,JAC,127,-148,0.42468662237139526
2019-09-29,NO,DAL,-149,128,0.5770485120260905
2019-09-30,PIT,CIN,160,-184,0.37250786988457507
2019-10-03,SEA,LAR,105,-125,0.4675324675324675
2019-10-06,NYG,MIN,-247,201,0.6817885865727622
2019-10-06,CAR,JAC,158,-181,0.37567849407738174
2019-10-06,OAK,CHI,-312,252,0.7271956775082107
2019-10-06,PHI,NYJ,610,-900,0.13531799729364008
2019-10-06,NO,TB,140,-162,0.4025814382298709
2019-10-06,CIN,ARI,137,-159,0.40734158501486245
2019-10-06,TEN,BUF,156,-179,0.37843850035266674
2019-10-06,HOU,ATL,174,-210,0.35012423763270833
2019-10-06,WAS,NE,-1234,761,0.8884497865159707
2019-10-06,PIT,BAL,-178,154,0.6192406727661207
2019-10-06,LAC,DEN,189,-230,0.33175831909118325
2019-10-06,DAL,GB,158,-181,0.37567849407738174
2019-10-06,KC,IND,457,-631,0.1721754163653793
2019-10-07,SF,CLE,184,-222,0.33806484125650926
2019-10-10,NE,NYG,799,-1353,0.10670900754747742
2019-10-13,TB,CAR,-130,110,0.5427435387673957
2019-10-13,CLE,SEA,-104,-116,0.48699271592091564
2019-10-13,BAL,CIN,427,-572,0.18228968869695425
2019-10-13,KC,HOU,168,-198,0.35962541031087086
2019-10-13,MIA,WAS,-249,208,0.6872535665639115
2019-10-13,MIN,PHI,155,-178,0.3798333105615521
2019-10-13,JAC,NO,130,-151,0.4195219789403309
2019-10-13,ARI,ATL,-161,140,0.5968489341983318
2019-10-13,LAR,SF,145,-167,0.3948827922798196
2019-10-13,NYJ,DAL,-351,277,0.745810953237106
2019-10-13,DEN,TEN,101,-121,0.47607763727623276
2019-10-13,LAC,PIT,236,-288,0.28620323380148704
2019-10-14,GB,DET,166,-194,0.3629450397511234
2019-10-17,DEN,KC,-157,135,0.5894240754053839
2019-10-20,DET,MIN,-143,122,0.5664275773471791
2019-10-20,ATL,LAR,-174,150,0.6135401974612129
2019-10-20,BUF,MIA,841,-1453,0.10199839350888266
2019-10-20,GB,OAK,212,-257,0.3080666873770322
2019-10-20,WAS,SF,-488,372,0.7966354933318578
2019-10-20,NYG,ARI,165,-192,0.3646353646353647
2019-10-20,CIN,JAC,-220,182,0.659719268396427
2019-10-20,IND,HOU,104,-124,0.46964106004696404
2019-10-20,TEN,LAC,135,-157,0.41057592459461617
2019-10-20,SEA,BAL,132,-156,0.4142931123770068
2019-10-20,CHI,NO,185,-226,0.33604783012060613
2019-10-20,DAL,PHI,140,-163,0.4020177315805564
2019-10-21,NYJ,NE,-450,340,0.782608695652174
2019-10-24,MIN,WAS,798,-1371,0.10672892883625562
2019-10-27,LAR,CIN,496,-700,0.16090104585679807
2019-10-27,IND,DEN,206,-252,0.31341263622765153
2019-10-27,NO,ARI,504,-714,0.15878093692456544
2019-10-27,DET,NYG,226,-275,0.29492725127801805
2019-10-27,CHI,LAC,160,-185,0.3720626631853786
2019-10-27,BUF,PHI,-104,-116,0.48699271592091564
2019-10-27,TEN,TB,108,-129,0.46046810906458624
2019-10-27,ATL,SEA,-360,287,0.7517807036477445
2019-10-27,JAC,NYJ,258,-321,0.2681221261256671
2019-10-27,SF,CAR,177,-212,0.3469596548196255
2019-10-27,HOU,OAK,199,-243,0.32068962293258035
2019-10-27,NE,CLE,352,-451,0.21278074701102906
2019-10-27,KC,GB,-247,202,0.6825077314399692
2019-10-28,PIT,MIA,565,-836,0.144101979862672
2019-10-31,ARI,SF,-513,391,0.8042677923131204
2019-11-03,JAC,HOU,-102,-118,0.4826358742837298
2019-11-03,MIA,NYJ,-184,159,0.6265909329967392
2019-11-03,PIT,IND,102,-122,0.4739134147382802
2019-11-03,PHI,CHI,201,-248,0.31795921350778455
2019-11-03,KC,MIN,-246,202,0.6822539764170004
2019-11-03,BUF,WAS,430,-573,0.181406506913933
2019-11-03,CAR,TEN,161,-187,0.3702891351748875
2019-11-03,OAK,DET,124,-145,0.42997542997543003
2019-11-03,SEA,TB,182,-220,0.3402807316035729
2019-11-03,DEN,CLE,-203,172,0.645680340521072
2019-11-03,LAC,GB,-218,180,0.6574752261956054
2019-11-03,BAL,NE,-164,141,0.5995388629330745
2019-11-04,NYG,DAL,-315,250,0.7265238879736409
2019-11-07,OAK,LAC,-122,101,0.524849107486837
2019-11-10,CIN,BAL,-587,435,0.8205071261544893
2019-11-10,CLE,BUF,142,-165,0.39891615234080985
2019-11-10,NO,ATL,594,-905,0.1379414469440136
2019-11-10,NYJ,NYG,-153,132,0.583854200934272
2019-11-10,TB,ARI,202,-245,0.3180016591390912
2019-11-10,TEN,KC,-252,208,0.68798751950078
2019-11-10,CHI,DET,244,-299,0.27949788450222757
2019-11-10,IND,MIA,443,-602,0.1767878998504102
2019-11-10,GB,CAR,197,-241,0.32268137816175707
2019-11-10,PIT,LAR,-226,186,0.664733226377062
2019-11-10,DAL,MIN,156,-180,0.3779697624190065
2019-11-11,SF,SEA,213,-260,0.3066962003748509
2019-11-14,CLE,PIT,137,-159,0.40734158501486245
2019-11-17,MIN,DEN,378,-496,0.2008844307825055
2019-11-17,BAL,HOU,190,-234,0.32984396602804666
2019-11-17,MIA,BUF,-341,273,0.7425463971090471
2019-11-17,TB,NO,-235,192,0.6719545632589111
2019-11-17,WAS,NYJ,106,-126,0.4654419639179504
2019-11-17,DET,DAL,-376,298,0.7586794289422454
2019-11-17,IND,JAC,119,-140,0.43907793633369924
2019-11-17,CAR,ATL,171,-203,0.3551627536248872
2019-11-17,SF,ARI,370,-482,0.204396993748683
2019-11-17,OAK,CIN,515,-742,0.1557730375742327
2019-11-17,PHI,NE,-226,186,0.664733226377062
2019-11-17,LAR,CHI,208,-253,0.31177135589627636
2019-11-18,LAC,KC,-259,215,0.694429076052262
2019-11-21,HOU,IND,167,-194,0.36207788369171656
2019-11-24,CLE,MIA,426,-575,0.18245708879578318
2019-11-24,BUF,DEN,173,-206,0.352380294341187
2019-11-24,NYJ,OAK,-185,159,0.6270365765883662
2019-11-24,NO,CAR,394,-519,0.19447917910307083
2019-11-24,ATL,TB,154,-180,0.37981551817688547
2019-11-24,PHI,SEA,-124,103,0.5291347851677457
2019-11-24,WAS,DET,-203,171,0.6448372463751129
2019-11-24,CIN,PIT,-265,216,0.6964404524284763
2019-11-24,CHI,NYG,219,-268,0.30091911163444873
2019-11-24,TEN,JAC,180,-217,0.3428509625784123
2019-11-24,NE,DAL,201,-243,0.3192390383738354
2019-11-24,SF,GB,147,-171,0.39084471494295975
2019-11-25,LAR,BAL,-174,149,0.6125894296298392
2019-11-28,DET,CHI,-258,212,0.6921648208020912
2019-11-28,DAL,BUF,245,-303,0.2782476611316325
2019-11-28,ATL,NO,-352,280,0.7474295932051855
2019-12-01,NYG,GB,-309,250,0.7255954377725596
2019-12-01,MIA,PHI,-530,400,0.8079268292682926
2019-12-01,IND,TEN,-116,-104,0.5130072840790842
2019-12-01,CIN,NYJ,-141,120,0.5627721335268505
2019-12-01,BAL,SF,205,-250,0.31460674157303364
2019-12-01,PIT,CLE,-121,101,0.5239223627237674
2019-12-01,CAR,WAS,431,-587,0.18060079338165128
2019-12-01,JAC,TB,-161,138,0.5948337421217672
2019-12-01,ARI,LAR,-141,120,0.5627721335268505
2019-12-01,KC,OAK,434,-588,0.17973207381554476
2019-12-01,DEN,LAC,-220,181,0.6589213387337455
2019-12-01,HOU,NE,-177,152,0.6168953308254039
2019-12-02,SEA,MIN,133,-155,0.4138602613000082
2019-12-05,CHI,DAL,-167,144,0.6041394852330684
2019-12-08,CLE,CIN,239,-291,0.2838496105234884
2019-12-08,NO,SF,104,-125,0.46874999999999994
2019-12-08,GB,WAS,594,-904,0.13795453546146066
2019-12-08,BUF,BAL,-271,222,0.7016773612518293
2019-12-08,MIN,DET,494,-697,0.1614281837000069
2019-12-08,HOU,DEN,329,-420,0.22396416573348266
2019-12-08,ATL,CAR,160,-187,0.3711846870150026
2019-12-08,TB,IND,148,-174,0.3883660278943191
2019-12-08,NYJ,MIA,186,-227,0.3349654790928274
2019-12-08,JAC,LAC,-181,155,0.6215743047606223
2019-12-08,OAK,TEN,-153,130,0.5817490494296578
2019-12-08,NE,KC,136,-161,0.40720169745381923
2019-12-08,ARI,PIT,-131,110,0.5435684647302904
2019-12-08,LAR,SEA,-103,-118,0.48383899327702123
2019-12-09,PHI,NYG,339,-440,0.21848195500890114
2019-12-12,BAL,NYJ,832,-1440,0.10293567188920379
2019-12-15,DET,TB,-258,211,0.6914803771178406
2019-12-15,KC,DEN,364,-476,0.20684900022983224
2019-12-15,CAR,SEA,-272,223,0.7025332650972365
2019-12-15,GB,CHI,181,-221,0.3407607137928472
2019-12-15,NYG,MIA,159,-184,0.3734090670032607
2019-12-15,WAS,PHI,-303,245,0.7217523388683674
2019-12-15,TEN,HOU,142,-166,0.3983705744923021
2019-12-15,CIN,NE,-559,418,0.8146074685901727
2019-12-15,ARI,CLE,-159,136,0.5916372351160444
2019-12-15,OAK,JAC,248,-310,0.27538957549704457
2019-12-15,LAC,MIN,-123,102,0.5270012302210156
2019-12-15,DAL,LAR,-113,-105,0.5087854162090929
2019-12-15,SF,ATL,384,-507,0.1983089830375578
2019-12-15,PIT,BUF,-103,-117,0.48481627695110846
2019-12-16,NO,IND,315,-402,0.23130442795926828
2019-12-21,TB,HOU,-157,134,0.5883916845510747
2019-12-21,NE,BUF,241,-298,0.2814351779830008
2019-12-21,SF,LAR,265,-335,0.26240386065450155
2019-12-22,WAS,NYG,-124,103,0.5291347851677457
2019-12-22,MIA,CIN,-129,108,0.5395318909354139
2019-12-22,CLE,BAL,-475,362,0.7923812962628632
2019-12-22,TEN,NO,-182,157,0.6238696081308187
2019-12-22,IND,CAR,254,-319,0.2706263805820728
2019-12-22,ATL,JAC,271,-342,0.2583556423235641
2019-12-22,NYJ,PIT,-179,153,0.6187847568557258
2019-12-22,DEN,DET,292,-376,0.24411257897759908
2019-12-22,LAC,OAK,278,-351,0.2536871828910213
2019-12-22,SEA,ARI,324,-416,0.22633167239806304
2019-12-22,PHI,DAL,-138,117,0.5571763480072937
2019-12-22,CHI,KC,-316,254,0.7289266538080592
2019-12-23,MIN,GB,173,-207,0.3520198140142872
2019-12-29,NE,MIA,815,-1441,0.10464377994248326
2019-12-29,CAR,NO,-879,586,0.8603212468647184
2019-12-29,KC,LAC,355,-469,0.2105107382674485
2019-12-29,MIN,CHI,-230,189,0.6682416809088167
2019-12-29,CIN,CLE,-144,122,0.5671302866874822
2019-12-29,BUF,NYJ,-118,-101,0.5185849221619729
2019-12-29,TB,ATL,-101,-119,0.4804509318389157
2019-12-29,DET,GB,-819,554,0.8535518847027853
2019-12-29,JAC,IND,-248,204,0.6841875998257587
2019-12-29,LAR,ARI,249,-309,0.27497462031316183
2019-12-29,BAL,PIT,-124,104,0.5303589399530358
2019-12-29,HOU,TEN,-456,353,0.7879222483293156
2019-12-29,DEN,OAK,180,-218,0.34252477380439467
2019-12-29,DAL,WAS,486,-679,0.16372631853281044
2019-12-29,NYG,PHI,-204,172,0.6460506706408345
2019-12-29,SEA,SF,-185,159,0.6270365765883662
2020-09-10,KC,HOU,340,-432,0.21867806642551793
2020-09-13,DET,CHI,116,-137,0.44471965773474437
2020-09-13,JAC,IND,-331,264,0.7365267996870108
2020-09-13,ATL,SEA,-101,-118,0.4814150778380269
2020-09-13,MIN,GB,105,-125,0.4675324675324675
2020-09-13,WAS,PHI,-250,207,0.6868008948545861
2020-09-13,BUF,NYJ,241,-295,0.2819515328883972
2020-09-13,NE,MIA,284,-356,0.25013164823591366
2020-09-13,BAL,CLE,271,-342,0.2583556423235641
2020-09-13,CAR,LV,-153,132,0.583854200934272
2020-09-13,CIN,LAC,-143,122,0.5664275773471791
2020-09-13,SF,ARI,250,-311,0.2740913637879293
2020-09-13,NO,TB,165,-191,0.3650504923791006
2020-09-13,LAR,DAL,-109,-110,0.49891020052310364
2020-09-14,NYG,PIT,-251,213,0.691192384505072
2020-09-14,DEN,TEN,-177,154,0.6187618706818244
2020-09-17,CLE,CIN,206,-249,0.3141483788503429
2020-09-20,IND,MIN,156,-179,0.37843850035266674
2020-09-20,PIT,DEN,240,-278,0.28567110036275695
2020-09-20,MIA,BUF,-244,205,0.6838816394045212
2020-09-20,TB,CAR,293,-365,0.24480770749427466
2020-09-20,TEN,JAC,258,-320,0.2682677567705672
2020-09-20,CHI,NYG,195,-233,0.32635860244033904
2020-09-20,NYJ,SF,-323,260,0.7332576617480137
2020-09-20,PHI,LAR,110,-130,0.4572564612326044
2020-09-20,GB,DET,242,-296,0.28118609406952966
2020-09-20,DAL,ATL,130,-149,0.42082136217677873
2020-09-20,ARI,WAS,270,-333,0.26004444177526875
2020-09-20,LAC,KC,-412,326,0.7741628144959243
2020-09-20,HOU,BAL,-345,285,0.7490483575355985
2020-09-20,SEA,NE,180,-208,0.34591194968553457
2020-09-21,LV,NO,-205,173,0.6472561151911178
2020-09-24,JAC,MIA,124,-145,0.42997542997543003
2020-09-27,MIN,TEN,-152,131,0.5821727019498607
2020-09-27,CLE,WAS,280,-345,0.25341685649202733
2020-09-27,NYG,SF,-161,139,0.5958438501680113
2020-09-27,PHI,CIN,200,-238,0.3212927756653992
2020-09-27,ATL,CHI,117,-136,0.4443440277150173
2020-09-27,BUF,LAR,111,-130,0.4560777315090225
2020-09-27,PIT,HOU,180,-208,0.34591194968553457
2020-09-27,NE,LV,270,-333,0.26004444177526875
2020-09-27,LAC,CAR,235,-278,0.28870388757351256
2020-09-27,IND,NYJ,475,-667,0.1666576131240154
2020-09-27,DEN,TB,-267,222,0.7008331023688802
2020-09-27,SEA,DAL,200,-238,0.3212927756653992
2020-09-27,ARI,DET,200,-238,0.3212927756653992
2020-09-27,NO,GB,151,-173,0.386013036777286
2020-09-28,BAL,KC,155,-179,0.3793595757699368
2020-10-01,NYJ,DEN,-101,-118,0.4814150778380269
2020-10-04,TB,LAC,292,-362,0.24560881214647218
2020-10-04,DET,NO,-160,138,0.5942571785268415
2020-10-04,CAR,ARI,-160,140,0.5962732919254659
2020-10-04,WAS,BAL,-1073,699,0.8796462646735622
2020-10-04,HOU,MIN,155,-175,0.38128249566724437
2020-10-04,CIN,JAC,100,-120,0.4782608695652174
2020-10-04,MIA,SEA,-224,186,0.6641234035495107
2020-10-04,DAL,CLE,154,-178,0.3807593272338794
2020-10-04,LAR,NYG,639,-941,0.13020654184683156
2020-10-04,LV,BUF,-175,155,0.6187175043327556
2020-10-04,CHI,IND,-185,165,0.6323766526926797
2020-10-04,SF,PHI,287,-358,0.24844585724669913
2020-10-05,KC,NE,475,-650,0.1671309192200557
2020-10-05,GB,ATL,200,-240,0.32075471698113206
2020-10-08,CHI,TB,-200,175,0.6470588235294118
2020-10-11,KC,LV,425,-550,0.18374558303886926
2020-10-11,PIT,PHI,295,-355,0.24498586620002696
2020-10-11,BAL,CIN,550,-800,0.1475409836065574
2020-10-11,ATL,CAR,115,-135,0.447405997144217
2020-10-11,NYJ,ARI,-320,260,0.7328244274809161
2020-10-11,WAS,LAR,-345,285,0.7490483575355985
2020-10-11,HOU,JAC,225,-265,0.2976554536187564
2020-10-11,SF,MIA,330,-410,0.22437307523097227
2020-10-11,DAL,NYG,290,-350,0.24793388429752067
2020-10-11,CLE,IND,-105,-115,0.4891657638136511
2020-10-11,SEA,MIN,250,-300,0.27586206896551724
2020-10-12,NO,LAC,275,-342,0.2563061757031023
2020-10-13,TEN,BUF,-160,140,0.5962732919254659
2020-10-18,NYG,WAS,100,-120,0.4782608695652174
2020-10-18,CAR,CHI,110,-130,0.4572564612326044
2020-10-18,MIN,ATL,165,-185,0.3676233473073202
2020-10-18,TEN,HOU,170,-190,0.361145703611457
2020-10-18,PHI,BAL,-475,380,0.7985989492119089
2020-10-18,NE,DEN,310,-380,0.2355250245338567
2020-10-18,IND,CIN,300,-360,0.24210526315789477
2020-10-18,JAC,DET,-160,140,0.5962732919254659
2020-10-18,PIT,CLE,140,-160,0.40372670807453415
2020-10-18,MIA,NYJ,320,-400,0.22935779816513757
2020-10-18,TB,GB,-160,140,0.5962732919254659
2020-10-18,SF,LAR,-130,110,0.5427435387673957
2020-10-19,BUF,KC,-240,200,0.6792452830188679
2020-10-19,DAL,ARI,100,-120,0.4782608695652174
2020-10-22,PHI,NYG,200,-238,0.3212927756653992
2020-10-25,TEN,PIT,100,-120,0.4782608695652174
2020-10-25,NYJ,BUF,-430,350,0.7849898580121704
2020-10-25,CIN,CLE,-210,180,0.6547884187082406
2020-10-25,HOU,GB,-145,125,0.5711159737417943
2020-10-25,WAS,DAL,-115,-105,0.5108342361863488
2020-10-25,ATL,DET,-105,-115,0.4891657638136511
2020-10-25,NO,CAR,270,-335,0.2597790385189609
2020-10-25,LV,TB,-200,175,0.6470588235294118
2020-10-25,NE,SF,138,-159,0.40632549967054693
2020-10-25,LAC,JAC,306,-382,0.23709737717175294
2020-10-25,DEN,KC,-340,280,0.745958429561201
2020-10-25,ARI,SEA,-185,165,0.6323766526926797
2020-10-26,LAR,CHI,240,-280,0.2852852852852853
2020-10-29,CAR,ATL,105,-125,0.4675324675324675
2020-11-01,CIN,TEN,-340,280,0.745958429561201
2020-11-01,CLE,LV,100,-120,0.4782608695652174
2020-11-01,DET,IND,-185,165,0.6323766526926797
2020-11-01,BAL,PIT,180,-210,0.3452115812917595
2020-11-01,BUF,NE,180,-210,0.3452115812917595
2020-11-01,GB,MIN,220,-260,0.3020134228187919
2020-11-01,KC,NYJ,1400,-3500,0.0641711229946524
2020-11-01,MIA,LAR,-175,155,0.6187175043327556
2020-11-01,DEN,LAC,-160,140,0.5962732919254659
2020-11-01,SEA,SF,-105,-115,0.4891657638136511
2020-11-01,CHI,NO,-245,205,0.6841382467383841
2020-11-01,PHI,DAL,354,-445,0.21245078548317936
2020-11-02,NYG,TB,-750,525,0.8465011286681716
2020-11-05,SF,GB,-280,233,0.7104541298384639
2020-11-08,JAC,HOU,-299,246,0.7216680385618818
2020-11-08,KC,CAR,395,-503,0.19496580823512294
2020-11-08,MIN,DET,155,-175,0.38128249566724437
2020-11-08,IND,BAL,-107,-111,0.49560960618167443
2020-11-08,ATL,DEN,190,-220,0.33402922755741127
2020-11-08,BUF,SEA,-166,144,0.6036003814973772
2020-11-08,WAS,NYG,135,-155,0.4117884537747275
2020-11-08,TEN,CHI,227,-273,0.2946962574365376
2020-11-08,LAC,LV,-120,102,0.5242214532871973
2020-11-08,DAL,PIT,-968,654,0.8723514113057447
2020-11-08,ARI,MIA,215,-256,0.30626290433585684
2020-11-08,TB,NO,152,-174,0.3845721985178531
2020-11-09,NYJ,NE,-415,333,0.7772443175674215
2020-11-12,TEN,IND,-120,100,0.5217391304347826
2020-11-15,CLE,HOU,190,-220,0.33402922755741127
2020-11-15,GB,JAC,650,-1000,0.12790697674418605
2020-11-15,NYG,PHI,-220,190,0.6659707724425887
2020-11-15,DET,WAS,120,-140,0.43795620437956206
2020-11-15,CAR,TB,-265,225,0.7023445463812437
2020-11-15,LV,DEN,160,-180,0.37433155080213903
2020-11-15,MIA,LAC,105,-125,0.4675324675324675
2020-11-15,ARI,BUF,130,-150,0.42016806722689076
2020-11-15,NO,SF,330,-410,0.22437307523097227
2020-11-15,PIT,CIN,255,-310,0.27143330023171136
2020-11-15,LAR,SEA,130,-150,0.42016806722689076
2020-11-15,NE,BAL,-320,260,0.7328244274809161
2020-11-16,CHI,MIN,-175,155,0.6187175043327556
2020-11-19,SEA,ARI,145,-164,0.3965154701111445
2020-11-22,NO,ATL,170,-190,0.361145703611457
2020-11-22,WAS,CIN,105,-125,0.4675324675324675
2020-11-22,HOU,NE,-135,115,0.552594002855783
2020-11-22,CLE,PHI,120,-140,0.43795620437956206
2020-11-22,CAR,DET,-140,120,0.562043795620438
2020-11-22,JAC,PIT,-550,425,0.8162544169611309
2020-11-22,BAL,TEN,215,-255,0.30649687027843725
2020-11-22,LAC,NYJ,370,-450,0.20637898686679174
2020-11-22,DEN,MIA,-210,180,0.6547884187082406
2020-11-22,IND,GB,105,-125,0.4675324675324675
2020-11-22,MIN,DAL,275,-335,0.2572062084257206
2020-11-22,LV,KC,-400,320,0.7706422018348623
2020-11-23,TB,LAR,180,-210,0.3452115812917595
2020-11-26,DET,HOU,-160,140,0.5962732919254659
2020-11-26,DAL,WAS,125,-145,0.42888402625820565
2020-11-29,BUF,LAC,185,-215,0.3395311236863379
2020-11-29,NYJ,MIA,-355,295,0.7550141337999732
2020-11-29,NE,ARI,-120,100,0.5217391304347826
2020-11-29,MIN,CAR,130,-150,0.42016806722689076
2020-11-29,IND,TEN,125,-145,0.42888402625820565
2020-11-29,JAC,CLE,-345,285,0.7490483575355985
2020-11-29,CIN,NYG,-280,240,0.7147147147147147
2020-11-29,ATL,LV,-180,160,0.6256684491978609
2020-11-29,LAR,SF,200,-240,0.32075471698113206
2020-11-29,DEN,NO,-1450,850,0.8988580750407831
2020-11-29,TB,KC,-175,155,0.6187175043327556
2020-11-29,GB,CHI,320,-400,0.22935779816513757
2020-11-30,PHI,SEA,-290,245,0.7195253505933118
2020-12-02,PIT,BAL,425,-550,0.18374558303886926
2020-12-06,MIN,JAC,400,-500,0.1935483870967742
2020-12-06,ATL,NO,-145,125,0.5711159737417943
2020-12-06,CHI,DET,140,-159,0.40430846081798316
2020-12-06,MIA,CIN,425,-550,0.18374558303886926
2020-12-06,TEN,CLE,185,-215,0.3395311236863379
2020-12-06,NYJ,LV,-357,300,0.7575596816976127
2020-12-06,HOU,IND,-180,160,0.6256684491978609
2020-12-06,SEA,NYG,450,-600,0.17500000000000002
2020-12-06,ARI,LAR,-145,125,0.5711159737417943
2020-12-06,GB,PHI,330,-410,0.22437307523097227
2020-12-06,LAC,NE,115,-135,0.447405997144217
2020-12-06,KC,DEN,600,-900,0.136986301369863
2020-12-07,PIT,WAS,240,-280,0.2852852852852853
2020-12-07,SF,BUF,110,-130,0.4572564612326044
2020-12-08,BAL,DAL,340,-420,0.21959459459459457
2020-12-10,LAR,NE,195,-230,0.32721864154685176
2020-12-13,CAR,DEN,180,-210,0.3452115812917595
2020-12-13,TB,MIN,260,-320,0.267175572519084
2020-12-13,JAC,TEN,-380,310,0.7644749754661432
2020-12-13,CHI,HOU,-115,-105,0.5108342361863488
2020-12-13,MIA,KC,-345,285,0.7490483575355985
2020-12-13,CIN,DAL,-160,140,0.5962732919254659
2020-12-13,NYG,ARI,-160,140,0.5962732919254659
2020-12-13,LV,IND,-135,115,0.552594002855783
2020-12-13,SEA,NYJ,750,-1200,0.11304347826086955
2020-12-13,LAC,ATL,100,-120,0.4782608695652174
2020-12-13,PHI,NO,-350,290,0.7520661157024794
2020-12-13,DET,GB,-410,330,0.7756269247690277
2020-12-13,SF,WAS,130,-150,0.42016806722689076
2020-12-13,BUF,PIT,110,-130,0.4572564612326044
2020-12-14,CLE,BAL,-175,155,0.6187175043327556
2020-12-17,LV,LAC,155,-175,0.38128249566724437
2020-12-19,DEN,BUF,-245,205,0.6841382467383841
2020-12-19,GB,CAR,360,-440,0.2106084243369735
2020-12-20,BAL,JAC,600,-900,0.136986301369863
2020-12-20,ATL,TB,-270,230,0.7065820777160983
2020-12-20,DAL,SF,-200,175,0.6470588235294118
2020-12-20,MIN,CHI,130,-150,0.42016806722689076
2020-12-20,IND,HOU,305,-370,0.238760477520955
2020-12-20,TEN,DET,330,-410,0.22437307523097227
2020-12-20,MIA,NE,-125,105,0.5324675324675325
2020-12-20,WAS,SEA,-270,230,0.7065820777160983
2020-12-20,ARI,PHI,230,-270,0.2934179222839017
2020-12-20,LAR,NYJ,1000,-1800,0.08755760368663595
2020-12-20,NO,KC,-145,125,0.5711159737417943
2020-12-20,NYG,CLE,-275,235,0.7107039537126325
2020-12-21,CIN,PIT,-1100,700,0.8800000000000001
2020-12-25,NO,MIN,250,-300,0.27586206896551724
2020-12-26,DET,TB,-650,475,0.8328690807799444
2020-12-26,ARI,SF,235,-275,0.2892960462873674
2020-12-26,LV,MIA,-140,120,0.562043795620438
2020-12-27,NYJ,CLE,-300,250,0.7241379310344829
2020-12-27,BAL,NYG,360,-440,0.2106084243369735
2020-12-27,HOU,CIN,280,-340,0.2540415704387991
2020-12-27,KC,ATL,450,-600,0.17500000000000002
2020-12-27,JAC,CHI,-500,400,0.8064516129032258
2020-12-27,PIT,IND,-110,-110,0.5
2020-12-27,LAC,DEN,110,-130,0.4572564612326044
2020-12-27,WAS,CAR,-120,100,0.5217391304347826
2020-12-27,DAL,PHI,-170,150,0.6115107913669064
2020-12-27,SEA,LAR,105,-125,0.4675324675324675
2020-12-27,GB,TEN,160,-180,0.37433155080213903
2020-12-28,NE,BUF,-350,290,0.7520661157024794
2021-01-03,CLE,PIT,400,-500,0.1935483870967742
2021-01-03,CIN,BAL,-950,625,0.8677165354330709
2021-01-03,BUF,MIA,-170,150,0.6115107913669064
2021-01-03,NE,NYJ,150,-170,0.38848920863309355
2021-01-03,NYG,DAL,-125,105,0.5324675324675325
2021-01-03,DET,MIN,-170,150,0.6115107913669064
2021-01-03,TB,ATL,275,-335,0.2572062084257206
2021-01-03,DEN,LV,-145,125,0.5711159737417943
2021-01-03,CHI,GB,-215,185,0.6604688763136621
2021-01-03,HOU,TEN,-335,275,0.7427937915742794
2021-01-03,CAR,NO,-260,220,0.6979865771812079
2021-01-03,SF,SEA,-350,290,0.7520661157024794
2021-01-03,LAR,ARI,100,-120,0.4782608695652174
2021-01-03,IND,JAC,800,-1300,0.10687022900763357
2021-01-03,KC,LAC,-290,245,0.7195253505933118
2021-01-03,PHI,WAS,-290,245,0.7195253505933118
2021-09-09,TB,DAL,350,-450,0.21359223300970873
2021-09-12,CAR,NYJ,155,-180,0.37889039242219213
2021-09-12,TEN,ARI,125,-145,0.42888402625820565
2021-09-12,IND,SEA,-160,140,0.5962732919254659
2021-09-12,WAS,LAC,110,-130,0.4572564612326044
2021-09-12,HOU,JAC,-175,150,0.6140350877192983
2021-09-12,CIN,MIN,-160,140,0.5962732919254659
2021-09-12,DET,SF,-450,350,0.7864077669902912
2021-09-12,ATL,PHI,155,-180,0.37889039242219213
2021-09-12,BUF,PIT,230,-280,0.29141104294478526
2021-09-12,NE,MIA,160,-190,0.3698979591836735
2021-09-12,NYG,DEN,-145,125,0.5711159737417943
2021-09-12,KC,CLE,205,-250,0.31460674157303364
2021-09-12,NO,GB,-190,160,0.6301020408163266
2021-09-12,LAR,CHI,330,-430,0.22278268179907523
2021-09-13,LV,BAL,-160,140,0.5962732919254659
2021-09-16,WAS,NYG,170,-200,0.35714285714285715
2021-09-19,PHI,SF,-145,125,0.5711159737417943
2021-09-19,IND,LAR,-210,175,0.6507042253521127
2021-09-19,PIT,LV,200,-240,0.32075471698113206
2021-09-19,CAR,NO,-150,130,0.5798319327731092
2021-09-19,MIA,BUF,-200,170,0.6428571428571429
2021-09-19,CHI,CIN,105,-125,0.4675324675324675
2021-09-19,CLE,HOU,550,-800,0.1475409836065574
2021-09-19,JAC,DEN,-270,220,0.7001620745542949
2021-09-19,NYJ,NE,-250,205,0.6853932584269663
2021-09-19,TB,ATL,550,-800,0.1475409836065574
2021-09-19,ARI,MIN,170,-200,0.35714285714285715
2021-09-19,SEA,TEN,235,-290,0.28644876973925815
2021-09-19,LAC,DAL,140,-160,0.40372670807453415
2021-09-19,BAL,KC,-200,170,0.6428571428571429
2021-09-20,GB,DET,425,-600,0.18181818181818185
2021-09-23,HOU,CAR,-430,330,0.7772173182009248
2021-09-26,JAC,ARI,-400,310,0.7663551401869159
2021-09-26,CLE,CHI,300,-380,0.24000000000000005
2021-09-26,NYG,ATL,125,-145,0.42888402625820565
2021-09-26,PIT,CIN,125,-145,0.42888402625820565
2021-09-26,BUF,WAS,270,-340,0.2591283863368669
2021-09-26,NE,NO,130,-150,0.42016806722689076
2021-09-26,TEN,IND,180,-220,0.3418803418803419
2021-09-26,DET,BAL,-380,300,0.7600000000000001
2021-09-26,KC,LAC,240,-300,0.28169014084507044
2021-09-26,LV,MIA,155,-180,0.37889039242219213
2021-09-26,DEN,NYJ,425,-600,0.18181818181818185
2021-09-26,MIN,SEA,-125,105,0.5324675324675325
2021-09-26,LAR,TB,-115,-105,0.5108342361863488
2021-09-26,SF,GB,155,-180,0.37889039242219213
2021-09-27,DAL,PHI,160,-190,0.3698979591836735
2021-09-30,CIN,JAC,280,-350,0.2528089887640449
2021-10-03,BUF,HOU,900,-1700,0.09574468085106383
2021-10-03,MIA,IND,120,-140,0.43795620437956206
2021-10-03,DAL,CAR,170,-200,0.35714285714285715
2021-10-03,ATL,WAS,-125,105,0.5324675324675325
2021-10-03,NYJ,TEN,-270,220,0.7001620745542949
2021-10-03,NO,NYG,270,-340,0.2591283863368669
2021-10-03,MIN,CLE,-115,-105,0.5108342361863488
2021-10-03,PHI,KC,-320,250,0.7272727272727274
2021-10-03,CHI,DET,140,-160,0.40372670807453415
2021-10-03,LAR,ARI,180,-220,0.3418803418803419
2021-10-03,SF,SEA,115,-135,0.447405997144217
2021-10-03,GB,PIT,210,-260,0.30874785591766724
2021-10-03,DEN,BAL,100,-120,0.4782608695652174
2021-10-03,NE,TB,-300,240,0.7183098591549295
2021-10-04,LAC,LV,145,-170,0.39329934450109244
2021-10-07,SEA,LAR,-140,120,0.562043795620438
2021-10-10,ATL,NYJ,130,-150,0.42016806722689076
2021-10-10,HOU,NE,-380,300,0.7600000000000001
2021-10-10,TB,MIA,450,-650,0.17341040462427745
2021-10-10,WAS,NO,-135,115,0.552594002855783
2021-10-10,JAC,TEN,-210,175,0.6507042253521127
2021-10-10,CAR,PHI,120,-140,0.43795620437956206
2021-10-10,PIT,DEN,-130,110,0.5427435387673957
2021-10-10,CIN,GB,-130,110,0.5427435387673957
2021-10-10,MIN,DET,350,-450,0.21359223300970873
2021-10-10,LV,CHI,205,-250,0.31460674157303364
2021-10-10,LAC,CLE,115,-135,0.447405997144217
2021-10-10,ARI,SF,230,-280,0.29141104294478526
2021-10-10,DAL,NYG,280,-350,0.2528089887640449
2021-10-10,KC,BUF,125,-145,0.42888402625820565
2021-10-11,BAL,IND,285,-360,0.2491874322860238
2021-10-14,PHI,TB,-300,240,0.7183098591549295
2021-10-17,JAC,MIA,-125,105,0.5324675324675325
2021-10-17,BAL,LAC,140,-160,0.40372670807453415
2021-10-17,IND,HOU,425,-600,0.18181818181818185
2021-10-17,CAR,MIN,-135,115,0.552594002855783
2021-10-17,CHI,GB,-240,200,0.6792452830188679
2021-10-17,WAS,KC,-290,235,0.7135512302607419
2021-10-17,DET,CIN,-200,170,0.6428571428571429
2021-10-17,NYG,LAR,-350,280,0.747191011235955
2021-10-17,CLE,ARI,125,-145,0.42888402625820565
2021-10-17,NE,DAL,-200,170,0.6428571428571429
2021-10-17,DEN,LV,180,-220,0.3418803418803419
2021-10-17,PIT,SEA,190,-230,0.33099297893681046
2021-10-18,TEN,BUF,-270,220,0.7001620745542949
2021-10-21,CLE,DEN,105,-125,0.4675324675324675
2021-10-24,NYG,CAR,-150,130,0.5798319327731092
2021-10-24,GB,WAS,340,-440,0.21809369951534735
2021-10-24,MIA,ATL,-125,105,0.5324675324675325
2021-10-24,TEN,KC,-200,170,0.6428571428571429
2021-10-24,NE,NYJ,270,-340,0.2591283863368669
2021-10-24,BAL,CIN,230,-280,0.29141104294478526
2021-10-24,LAR,DET,850,-1600,0.10059171597633135
2021-10-24,LV,PHI,-110,-110,0.5
2021-10-24,ARI,HOU,1100,-2400,0.07987220447284346
2021-10-24,TB,CHI,550,-800,0.1475409836065574
2021-10-24,SF,IND,150,-175,0.3859649122807018
2021-10-25,SEA,NO,-250,205,0.6853932584269663
2021-10-28,ARI,GB,230,-280,0.29141104294478526
2021-10-31,IND,TEN,130,-150,0.42016806722689076
2021-10-31,BUF,MIA,700,-1100,0.12000000000000002
2021-10-31,CHI,SF,-210,175,0.6507042253521127
2021-10-31,CLE,PIT,190,-230,0.33099297893681046
2021-10-31,DET,PHI,-170,145,0.6067006554989074
2021-10-31,ATL,CAR,115,-135,0.447405997144217
2021-10-31,HOU,LAR,-1400,800,0.8936170212765957
2021-10-31,NYJ,CIN,-600,425,0.8181818181818182
2021-10-31,LAC,NE,170,-200,0.35714285714285715
2021-10-31,SEA,JAC,170,-200,0.35714285714285715
2021-10-31,NO,TB,-200,170,0.6428571428571429
2021-10-31,DEN,WAS,170,-200,0.35714285714285715
2021-10-31,MIN,DAL,175,-210,0.34929577464788736
2021-11-01,KC,NYG,425,-600,0.18181818181818185
2021-11-04,IND,NYJ,400,-550,0.19117647058823528
2021-11-07,DAL,DEN,360,-475,0.20833333333333334
2021-11-07,BAL,MIN,260,-330,0.2657601977750309
2021-11-07,CAR,NE,-180,155,0.6211096075778079
2021-11-07,CIN,CLE,110,-130,0.4572564612326044
2021-11-07,NO,ATL,240,-300,0.28169014084507044
2021-11-07,MIA,HOU,160,-190,0.3698979591836735
2021-11-07,JAC,BUF,-1100,700,0.8800000000000001
2021-11-07,NYG,LV,-160,140,0.5962732919254659
2021-11-07,PHI,LAC,-110,-110,0.5
2021-11-07,SF,ARI,205,-250,0.31460674157303364
2021-11-07,KC,GB,285,-360,0.2491874322860238
2021-11-07,LAR,TEN,280,-350,0.2528089887640449
2021-11-08,PIT,CHI,250,-320,0.27272727272727276
2021-11-11,MIA,BAL,-430,330,0.7772173182009248
2021-11-14,TEN,NO,140,-160,0.40372670807453415
2021-11-14,PIT,DET,205,-250,0.31460674157303364
2021-11-14,DAL,ATL,285,-360,0.2491874322860238
2021-11-14,NYJ,BUF,-800,550,0.8524590163934427
2021-11-14,WAS,TB,-450,350,0.7864077669902912
2021-11-14,NE,CLE,120,-140,0.43795620437956206
2021-11-14,IND,JAC,360,-475,0.20833333333333334
2021-11-14,ARI,CAR,270,-340,0.2591283863368669
2021-11-14,LAC,MIN,155,-180,0.37889039242219213
2021-11-14,DEN,PHI,-110,-110,0.5
2021-11-14,GB,SEA,145,-170,0.39329934450109244
2021-11-14,LV,KC,-150,130,0.5798319327731092
2021-11-15,SF,LAR,-190,160,0.6301020408163266
2021-11-18,ATL,NE,-330,260,0.7342398022249692
2021-11-21,NYJ,MIA,-200,170,0.6428571428571429
2021-11-21,CHI,BAL,-120,100,0.5217391304347826
2021-11-21,MIN,GB,-125,105,0.5324675324675325
2021-11-21,BUF,IND,240,-300,0.28169014084507044
2021-11-21,CAR,WAS,145,-170,0.39329934450109244
2021-11-21,CLE,DET,475,-700,0.16580310880829016
2021-11-21,PHI,NO,140,-160,0.40372670807453415
2021-11-21,TEN,HOU,360,-475,0.20833333333333334
2021-11-21,JAC,SF,-290,235,0.7135512302607419
2021-11-21,LV,CIN,-130,110,0.5427435387673957
2021-11-21,SEA,ARI,190,-230,0.33099297893681046
2021-11-21,KC,DAL,120,-140,0.43795620437956206
2021-11-21,LAC,PIT,230,-280,0.29141104294478526
2021-11-22,TB,NYG,400,-550,0.19117647058823528
2021-11-25,DET,CHI,-135,115,0.552594002855783
2021-11-25,DAL,LV,260,-330,0.2657601977750309
2021-11-25,NO,BUF,-300,240,0.7183098591549295
2021-11-28,NYG,PHI,-200,170,0.6428571428571429
2021-11-28,JAC,ATL,-130,110,0.5427435387673957
2021-11-28,CIN,PIT,155,-180,0.37889039242219213
2021-11-28,NE,TEN,260,-330,0.2657601977750309
2021-11-28,HOU,NYJ,125,-145,0.42888402625820565
2021-11-28,IND,TB,-150,130,0.5798319327731092
2021-11-28,MIA,CAR,-120,100,0.5217391304347826
2021-11-28,DEN,LAC,-150,130,0.5798319327731092
2021-11-28,GB,LAR,-125,105,0.5324675324675325
2021-11-28,SF,MIN,170,-200,0.35714285714285715
2021-11-28,BAL,CLE,140,-160,0.40372670807453415
2021-11-29,WAS,SEA,-130,110,0.5427435387673957
2021-12-02,NO,DAL,-290,235,0.7135512302607419
2021-12-05,MIA,NYG,250,-320,0.27272727272727276
2021-12-05,HOU,IND,-450,350,0.7864077669902912
2021-12-05,CIN,LAC,125,-145,0.42888402625820565
2021-12-05,NYJ,PHI,-220,180,0.6581196581196581
2021-12-05,ATL,TB,-550,400,0.8088235294117646
2021-12-05,CHI,ARI,-380,300,0.7600000000000001
2021-12-05,DET,MIN,-330,260,0.7342398022249692
2021-12-05,LAR,JAC,600,-900,0.136986301369863
2021-12-05,LV,WAS,110,-130,0.4572564612326044
2021-12-05,SEA,SF,-145,125,0.5711159737417943
2021-12-05,PIT,BAL,-200,170,0.6428571428571429
2021-12-05,KC,DEN,320,-420,0.2276707530647986
2021-12-06,BUF,NE,125,-145,0.42888402625820565
2021-12-09,MIN,PIT,150,-175,0.3859649122807018
2021-12-12,HOU,SEA,-450,350,0.7864077669902912
2021-12-12,KC,LV,360,-475,0.20833333333333334
2021-12-12,CAR,ATL,120,-140,0.43795620437956206
2021-12-12,WAS,DAL,-270,220,0.7001620745542949
2021-12-12,NYJ,NO,-210,175,0.6507042253521127
2021-12-12,CLE,BAL,140,-160,0.40372670807453415
2021-12-12,TEN,JAC,330,-430,0.22278268179907523
2021-12-12,DEN,DET,475,-700,0.16580310880829016
2021-12-12,LAC,NYG,330,-430,0.22278268179907523
2021-12-12,CIN,SF,-135,115,0.552594002855783
2021-12-12,TB,BUF,150,-175,0.3859649122807018
2021-12-12,GB,CHI,475,-700,0.16580310880829016
2021-12-13,ARI,LAR,150,-175,0.3859649122807018
2021-12-16,LAC,KC,-170,145,0.6067006554989074
2021-12-18,IND,NE,100,-120,0.4782608695652174
2021-12-19,JAC,HOU,180,-220,0.3418803418803419
2021-12-19,DET,ARI,-800,550,0.8524590163934427
2021-12-19,PIT,TEN,105,-125,0.4675324675324675
2021-12-19,NYG,DAL,-600,425,0.8181818181818182
2021-12-19,BUF,CAR,475,-700,0.16580310880829016
2021-12-19,MIA,NYJ,340,-440,0.21809369951534735
2021-12-19,SF,ATL,320,-420,0.2276707530647986
2021-12-19,DEN,CIN,140,-160,0.40372670807453415
2021-12-19,BAL,GB,-400,310,0.7663551401869159
2021-12-19,TB,NO,425,-600,0.18181818181818185
2021-12-20,CLE,LV,-145,125,0.5711159737417943
2021-12-20,CHI,MIN,-320,250,0.7272727272727274
2021-12-21,LAR,SEA,285,-360,0.2491874322860238
2021-12-21,PHI,WAS,360,-475,0.20833333333333334
2021-12-23,TEN,SF,-175,150,0.6140350877192983
2021-12-25,GB,CLE,350,-450,0.21359223300970873
2021-12-25,ARI,IND,145,-170,0.39329934450109244
2021-12-26,NE,BUF,-105,-115,0.4891657638136511
2021-12-26,CIN,BAL,285,-360,0.2491874322860238
2021-12-26,ATL,DET,300,-380,0.24000000000000005
2021-12-26,HOU,LAC,-700,475,0.8341968911917099
2021-12-26,NYJ,JAC,115,-135,0.447405997144217
2021-12-26,PHI,NYG,425,-600,0.18181818181818185
2021-12-26,MIN,LAR,-175,150,0.6140350877192983
2021-12-26,CAR,TB,-550,400,0.8088235294117646
2021-12-26,SEA,CHI,260,-330,0.2657601977750309
2021-12-26,KC,PIT,350,-450,0.21359223300970873
2021-12-26,LV,DEN,-110,-110,0.5
2021-12-26,DAL,WAS,360,-475,0.20833333333333334
2021-12-27,NO,MIA,-170,145,0.6067006554989074
2022-01-02,BUF,ATL,650,-1000,0.12790697674418605
2022-01-02,TEN,MIA,145,-170,0.39329934450109244
2022-01-02,BAL,LAR,-330,260,0.7342398022249692
2022-01-02,NE,JAC,800,-1400,0.10638297872340424
2022-01-02,IND,LV,310,-400,0.2336448598130841
2022-01-02,CIN,KC,-190,160,0.6301020408163266
2022-01-02,NYJ,TB,-900,600,0.863013698630137
2022-01-02,CHI,NYG,240,-300,0.28169014084507044
2022-01-02,WAS,PHI,-250,205,0.6853932584269663
2022-01-02,SF,HOU,475,-700,0.16580310880829016
2022-01-02,LAC,DEN,285,-360,0.2491874322860238
2022-01-02,NO,CAR,240,-300,0.28169014084507044
2022-01-02,DAL,ARI,230,-280,0.29141104294478526
2022-01-02,SEA,DET,330,-430,0.22278268179907523
2022-01-02,GB,MIN,550,-800,0.1475409836065574
2022-01-03,PIT,CLE,-125,105,0.5324675324675325
2022-01-08,DEN,KC,-700,475,0.8341968911917099
2022-01-08,PHI,DAL,-270,220,0.7001620745542949
2022-01-09,BAL,PIT,140,-160,0.40372670807453415
2022-01-09,JAC,IND,-1000,650,0.8720930232558138
2022-01-09,MIN,CHI,155,-180,0.37889039242219213
2022-01-09,NYG,WAS,-250,205,0.6853932584269663
2022-01-09,DET,GB,-200,170,0.6428571428571429
2022-01-09,CLE,CIN,220,-270,0.299837925445705
2022-01-09,HOU,TEN,-650,450,0.8265895953757225
2022-01-09,ATL,NO,-220,180,0.6581196581196581
2022-01-09,ARI,SEA,200,-240,0.32075471698113206
2022-01-09,TB,CAR,400,-550,0.19117647058823528
2022-01-09,LAR,SF,145,-170,0.39329934450109244
2022-01-09,BUF,NYJ,700,-1100,0.12000000000000002
2022-01-09,MIA,NE,-270,220,0.7001620745542949
2022-01-09,LV,LAC,-170,145,0.6067006554989074
2022-09-08,LAR,BUF,-130,110,0.5427435387673957
2022-09-11,MIA,NE,143,-170,0.3952569169960474
2022-09-11,CIN,PIT,260,-335,0.26508226691042047
2022-09-11,ATL,NO,-240,196,0.6763137852246763
2022-09-11,NYJ,BAL,-305,240,0.7191400832177531
2022-09-11,CAR,CLE,110,-130,0.4572564612326044
2022-09-11,WAS,JAC,135,-160,0.4088050314465409
2022-09-11,DET,PHI,-250,205,0.6853932584269663
2022-09-11,CHI,SF,-285,228,0.7082891347173814
2022-09-11,HOU,IND,-335,260,0.7349177330895795
2022-09-11,MIN,GB,110,-130,0.4572564612326044
2022-09-11,ARI,KC,-267,215,0.6962046272919167
2022-09-11,TEN,NYG,205,-250,0.31460674157303364
2022-09-11,LAC,LV,158,-190,0.37169956421430406
2022-09-11,DAL,TB,-140,118,0.5597945707997065
2022-09-12,SEA,DEN,-292,235,0.7139103780470004
2022-09-15,KC,LAC,175,-210,0.34929577464788736
2022-09-18,BAL,MIA,148,-175,0.38787023977433005
2022-09-18,PIT,NE,-155,130,0.5829926410466066
2022-09-18,JAC,IND,-165,140,0.5990922844175491
2022-09-18,NYG,CAR,-120,100,0.5217391304347826
2022-09-18,CLE,NYJ,215,-267,0.30379537270808327
2022-09-18,NO,TB,-145,122,0.5678250132298465
2022-09-18,DET,WAS,-110,-110,0.5
2022-09-18,LAR,ATL,400,-550,0.19117647058823528
2022-09-18,SF,SEA,310,-400,0.2336448598130841
2022-09-18,DAL,CIN,-350,275,0.7446808510638298
2022-09-18,DEN,HOU,360,-480,0.20803443328550933
2022-09-18,LV,ARI,196,-240,0.32368621477532367
2022-09-18,GB,CHI,360,-480,0.20803443328550933
2022-09-19,BUF,TEN,360,-480,0.20803443328550933
2022-09-19,PHI,MIN,122,-145,0.4321749867701534
2022-09-22,CLE,PIT,178,-215,0.34512983455680946
2022-09-25,NE,BAL,-140,118,0.5597945707997065
2022-09-25,IND,KC,-225,185,0.6636481241914618
2022-09-25,CHI,HOU,143,-170,0.3952569169960474
2022-09-25,TEN,LV,-130,110,0.5427435387673957
2022-09-25,CAR,NO,-130,110,0.5427435387673957
2022-09-25,WAS,PHI,-250,205,0.6853932584269663
2022-09-25,NYJ,CIN,-278,222,0.7031009456784693
2022-09-25,MIA,BUF,-205,170,0.644729178800233
2022-09-25,MIN,DET,228,-285,0.2917108652826186
2022-09-25,LAC,JAC,135,-160,0.4088050314465409
2022-09-25,ARI,LAR,-190,158,0.6283004357856959
2022-09-25,TB,GB,105,-125,0.4675324675324675
2022-09-25,SEA,ATL,-105,-115,0.4891657638136511
2022-09-25,DEN,SF,-130,110,0.5427435387673957
2022-09-26,NYG,DAL,110,-130,0.4572564612326044
2022-09-29,CIN,MIA,175,-210,0.34929577464788736
2022-10-02,NO,MIN,-220,180,0.6581196581196581
2022-10-02,IND,TEN,175,-210,0.34929577464788736
2022-10-02,PIT,NYJ,143,-170,0.3952569169960474
2022-10-02,DET,SEA,148,-175,0.38787023977433005
2022-10-02,NYG,CHI,130,-155,0.4170073589533933
2022-10-02,DAL,WAS,140,-165,0.40090771558245086
2022-10-02,BAL,BUF,-178,150,0.6154910096818811
2022-10-02,ATL,CLE,-120,100,0.5217391304347826
2022-10-02,PHI,JAC,228,-285,0.2917108652826186
2022-10-02,HOU,LAC,-250,205,0.6853932584269663
2022-10-02,CAR,ARI,-110,-110,0.5
2022-10-02,GB,NE,360,-480,0.20803443328550933
2022-10-02,LV,DEN,122,-145,0.4321749867701534
2022-10-02,TB,KC,110,-130,0.4572564612326044
2022-10-03,SF,LAR,110,-130,0.4572564612326044
2022-10-06,DEN,IND,150,-178,0.38450899031811897
2022-10-09,GB,NYG,345,-455,0.21513712569047388
2022-10-09,MIN,CHI,275,-350,0.2553191489361702
2022-10-09,JAC,HOU,250,-320,0.27272727272727276
2022-10-09,TB,ATL,400,-550,0.19117647058823528
2022-10-09,NO,SEA,185,-225,0.33635187580853815
2022-10-09,CLE,LAC,-125,105,0.5324675324675325
2022-10-09,WAS,TEN,-110,-110,0.5
2022-10-09,BUF,PIT,600,-900,0.136986301369863
2022-10-09,NYJ,MIA,-170,143,0.6047430830039525
2022-10-09,NE,DET,135,-160,0.4088050314465409
2022-10-09,CAR,SF,-260,210,0.6912521440823327
2022-10-09,ARI,PHI,-235,192,0.6719545632589111
2022-10-09,LAR,DAL,192,-235,0.3280454367410889
2022-10-09,BAL,CIN,140,-165,0.40090771558245086
2022-10-10,KC,LV,275,-350,0.2553191489361702
2022-10-13,CHI,WAS,-130,110,0.5427435387673957
2022-10-16,NYG,BAL,-267,215,0.6962046272919167
2022-10-16,IND,JAC,105,-125,0.4675324675324675
2022-10-16,MIA,MIN,-170,143,0.6047430830039525
2022-10-16,NO,CIN,-170,143,0.6047430830039525
2022-10-16,PIT,TB,-455,345,0.7848628743095261
2022-10-16,CLE,NE,118,-140,0.4402054292002935
2022-10-16,GB,NYJ,285,-365,0.24862986231787196
2022-10-16,ATL,SF,-190,158,0.6283004357856959
2022-10-16,SEA,ARI,-135,115,0.552594002855783
2022-10-16,LAR,CAR,345,-455,0.21513712569047388
2022-10-16,KC,BUF,-155,130,0.5829926410466066
2022-10-16,PHI,DAL,235,-292,0.28608962195299953
2022-10-17,LAC,DEN,162,-195,0.3660503784588659
2022-10-20,ARI,NO,126,-150,0.42444821731748733
2022-10-23,TEN,IND,118,-140,0.4402054292002935
2022-10-23,CAR,TB,-800,550,0.8524590163934427
2022-10-23,DAL,DET,250,-320,0.27272727272727276
2022-10-23,BAL,CLE,235,-292,0.28608962195299953
2022-10-23,WAS,GB,-205,170,0.644729178800233
2022-10-23,JAC,NYG,150,-178,0.38450899031811897
2022-10-23,CIN,ATL,235,-292,0.28608962195299953
2022-10-23,LV,HOU,260,-335,0.26508226691042047
2022-10-23,DEN,NYJ,-135,115,0.552594002855783
2022-10-23,LAC,SEA,185,-225,0.33635187580853815
2022-10-23,SF,KC,-120,100,0.5217391304347826
2022-10-23,MIA,PIT,250,-320,0.27272727272727276
2022-10-24,NE,CHI,328,-430,0.2235909551130611
2022-10-27,TB,BAL,110,-130,0.4572564612326044
2022-10-30,JAC,DEN,100,-120,0.4782608695652174
2022-10-30,DAL,CHI,360,-480,0.20803443328550933
2022-10-30,NYJ,NE,-165,140,0.5990922844175491
2022-10-30,PHI,PIT,430,-600,0.18041237113402062
2022-10-30,MIN,ARI,175,-210,0.34929577464788736
2022-10-30,ATL,CAR,175,-210,0.34929577464788736
2022-10-30,NO,LV,-120,100,0.5217391304347826
2022-10-30,DET,MIA,-195,162,0.6339496215411342
2022-10-30,HOU,TEN,-125,105,0.5324675324675325
2022-10-30,IND,WAS,126,-150,0.42444821731748733
2022-10-30,LAR,SF,-110,-110,0.5
2022-10-30,SEA,NYG,148,-175,0.38787023977433005
2022-10-30,BUF,GB,400,-550,0.19117647058823528
2022-10-31,CLE,CIN,-165,140,0.5990922844175491
2022-11-03,HOU,PHI,-800,550,0.8524590163934427
2022-11-06,CHI,MIA,-195,162,0.6339496215411342
2022-11-06,WAS,MIN,-170,143,0.6047430830039525
2022-11-06,NYJ,BUF,-600,430,0.8195876288659794
2022-11-06,NE,IND,178,-215,0.34512983455680946
2022-11-06,DET,GB,-205,170,0.644729178800233
2022-11-06,ATL,LAC,-145,122,0.5678250132298465
2022-11-06,JAC,LV,-135,115,0.552594002855783
2022-11-06,CIN,CAR,270,-345,0.25849549811211153
2022-11-06,ARI,SEA,115,-135,0.447405997144217
2022-11-06,TB,LAR,135,-160,0.4088050314465409
2022-11-06,KC,TEN,600,-900,0.136986301369863
2022-11-07,NO,BAL,-125,105,0.5324675324675325
2022-11-10,CAR,ATL,-145,122,0.5678250132298465
2022-11-13,TB,SEA,122,-145,0.4321749867701534
2022-11-13,BUF,MIN,210,-260,0.30874785591766724
2022-11-13,TEN,DEN,115,-135,0.447405997144217
2022-11-13,NYG,HOU,185,-225,0.33635187580853815
2022-11-13,MIA,CLE,150,-178,0.38450899031811897
2022-11-13,PIT,NO,100,-120,0.4782608695652174
2022-11-13,KC,JAC,345,-455,0.21513712569047388
2022-11-13,CHI,DET,135,-160,0.4088050314465409
2022-11-13,LV,IND,180,-220,0.3418803418803419
2022-11-13,GB,DAL,-205,170,0.644729178800233
2022-11-13,LAR,ARI,148,-175,0.38787023977433005
2022-11-13,SF,LAC,300,-385,0.2395061728395062
2022-11-14,PHI,WAS,400,-550,0.19117647058823528
2022-11-17,GB,TEN,152,-180,0.38167938931297707
2022-11-20,NYG,DET,143,-170,0.3952569169960474
2022-11-20,BUF,CLE,285,-365,0.24862986231787196
2022-11-20,BAL,CAR,500,-700,0.15999999999999998
2022-11-20,NE,NYJ,150,-178,0.38450899031811897
2022-11-20,ATL,CHI,110,-130,0.4572564612326044
2022-11-20,IND,PHI,-305,240,0.7191400832177531
2022-11-20,HOU,WAS,-165,140,0.5990922844175491
2022-11-20,NO,LAR,110,-130,0.4572564612326044
2022-11-20,DEN,LV,122,-145,0.4321749867701534
2022-11-20,PIT,CIN,-190,158,0.6283004357856959
2022-11-20,MIN,DAL,-130,110,0.5427435387673957
2022-11-20,LAC,KC,-235,192,0.6719545632589111
2022-11-21,ARI,SF,-455,345,0.7848628743095261
2022-11-24,DET,BUF,-440,335,0.7799511002444988
2022-11-24,DAL,NYG,360,-480,0.20803443328550933
2022-11-24,MIN,NE,122,-145,0.4321749867701534
2022-11-27,TEN,CIN,-105,-115,0.4891657638136511
2022-11-27,NYJ,CHI,300,-385,0.2395061728395062
2022-11-27,CLE,TB,-178,150,0.6154910096818811
2022-11-27,CAR,DEN,-110,-110,0.5
2022-11-27,MIA,HOU,600,-900,0.136986301369863
2022-11-27,WAS,ATL,162,-195,0.3660503784588659
2022-11-27,JAC,BAL,-170,143,0.6047430830039525
2022-11-27,ARI,LAC,-145,122,0.5678250132298465
2022-11-27,SEA,LV,170,-205,0.35527082119976705
2022-11-27,SF,NO,328,-430,0.2235909551130611
2022-11-27,KC,LAR,800,-1400,0.10638297872340424
2022-11-27,PHI,GB,228,-285,0.2917108652826186
2022-11-28,IND,PIT,118,-140,0.4402054292002935
2022-12-01,NE,BUF,-220,180,0.6581196581196581
2022-12-04,NYG,WAS,-135,115,0.552594002855783
2022-12-04,MIN,NYJ,130,-155,0.4170073589533933
2022-12-04,ATL,PIT,-125,105,0.5324675324675325
2022-12-04,PHI,TEN,185,-225,0.33635187580853815
2022-12-04,BAL,DEN,320,-420,0.2276707530647986
2022-12-04,CHI,GB,-178,150,0.6154910096818811
2022-12-04,HOU,CLE,-365,285,0.7513701376821281
2022-12-04,DET,JAC,100,-120,0.4782608695652174
2022-12-04,SF,MIA,192,-235,0.3280454367410889
2022-12-04,LAR,SEA,-335,260,0.7349177330895795
2022-12-04,CIN,KC,-145,122,0.5678250132298465
2022-12-04,LV,LAC,118,-140,0.4402054292002935
2022-12-04,DAL,IND,430,-600,0.18041237113402062
2022-12-05,TB,NO,158,-190,0.37169956421430406
2022-12-08,LAR,LV,-278,222,0.7031009456784693
2022-12-11,TEN,JAC,150,-178,0.38450899031811897
2022-12-11,NYG,PHI,-345,270,0.7415045018878884
2022-12-11,DET,MIN,118,-140,0.4402054292002935
2022-12-11,CIN,CLE,180,-220,0.3418803418803419
2022-12-11,DAL,HOU,1150,-2400,0.07692307692307693
2022-12-11,BUF,NYJ,360,-480,0.20803443328550933
2022-12-11,PIT,BAL,110,-130,0.4572564612326044
2022-12-11,DEN,KC,-455,345,0.7848628743095261
2022-12-11,SF,TB,158,-190,0.37169956421430406
2022-12-11,SEA,CAR,162,-195,0.3660503784588659
2022-12-11,LAC,MIA,-170,143,0.6047430830039525
2022-12-12,ARI,NE,-130,110,0.5427435387673957
2022-12-15,SEA,SF,-190,158,0.6283004357856959
2022-12-17,MIN,IND,162,-195,0.3660503784588659
2022-12-17,CLE,BAL,135,-160,0.4088050314465409
2022-12-17,BUF,MIA,285,-365,0.24862986231787196
2022-12-18,HOU,KC,-1100,700,0.8800000000000001
2022-12-18,JAC,DAL,-210,175,0.6507042253521127
2022-12-18,CAR,PIT,122,-145,0.4321749867701534
2022-12-18,NO,ATL,196,-240,0.32368621477532367
2022-12-18,NYJ,DET,110,-130,0.4572564612326044
2022-12-18,CHI,PHI,-420,320,0.7723292469352013
2022-12-18,DEN,ARI,105,-125,0.4675324675324675
2022-12-18,LV,NE,115,-135,0.447405997144217
2022-12-18,LAC,TEN,130,-155,0.4170073589533933
2022-12-18,TB,CIN,-180,152,0.6183206106870229
2022-12-18,WAS,NYG,175,-210,0.34929577464788736
2022-12-19,GB,LAR,285,-365,0.24862986231787196
2022-12-22,NYJ,JAC,122,-145,0.4321749867701534
2022-12-24,NE,CIN,-150,126,0.5755517826825127
2022-12-24,KC,SEA,400,-550,0.19117647058823528
2022-12-24,CAR,DET,-120,100,0.5217391304347826
2022-12-24,CHI,BUF,-420,320,0.7723292469352013
2022-12-24,BAL,ATL,235,-292,0.28608962195299953
2022-12-24,CLE,NO,158,-190,0.37169956421430406
2022-12-24,MIN,NYG,185,-225,0.33635187580853815
2022-12-24,TEN,HOU,150,-178,0.38450899031811897
2022-12-24,SF,WAS,250,-320,0.27272727272727276
2022-12-24,DAL,PHI,162,-195,0.3660503784588659
2022-12-24,PIT,LV,118,-140,0.4402054292002935
2022-12-25,MIA,GB,158,-190,0.37169956421430406
2022-12-25,LAR,DEN,-190,158,0.6283004357856959
2022-12-25,ARI,TB,-365,285,0.7513701376821281
2022-12-26,IND,LAC,-195,162,0.6339496215411342
2022-12-29,TEN,DAL,-900,600,0.863013698630137
2023-01-01,NE,MIA,140,-165,0.40090771558245086
2023-01-01,KC,DEN,550,-800,0.1475409836065574
2023-01-01,ATL,ARI,235,-292,0.28608962195299953
2023-01-01,WAS,CLE,100,-120,0.4782608695652174
2023-01-01,PHI,NO,196,-240,0.32368621477532367
2023-01-01,NYG,IND,205,-250,0.31460674157303364
2023-01-01,HOU,JAC,-190,158,0.6283004357856959
2023-01-01,TB,CAR,162,-195,0.3660503784588659
2023-01-01,DET,CHI,180,-220,0.3418803418803419
2023-01-01,SEA,NYJ,-125,105,0.5324675324675325
2023-01-01,LV,SF,-455,345,0.7848628743095261
2023-01-01,GB,MIN,143,-170,0.3952569169960474
2023-01-01,LAC,LAR,222,-278,0.29689905432153063
2023-01-01,BAL,PIT,100,-120,0.4782608695652174
2023-01-07,LV,KC,-440,335,0.7799511002444988
2023-01-07,JAC,TEN,228,-285,0.2917108652826186
2023-01-08,MIA,NYJ,180,-220,0.3418803418803419
2023-01-08,PIT,CLE,130,-155,0.4170073589533933
2023-01-08,BUF,NE,320,-420,0.2276707530647986
2023-01-08,CHI,MIN,-292,235,0.7139103780470004
2023-01-08,NO,CAR,158,-190,0.37169956421430406
2023-01-08,IND,HOU,130,-155,0.4170073589533933
2023-01-08,CIN,BAL,500,-700,0.15999999999999998
2023-01-08,ATL,TB,196,-240,0.32368621477532367
2023-01-08,SF,ARI,700,-1100,0.12000000000000002
2023-01-08,DEN,LAC,215,-267,0.30379537270808327
2023-01-08,SEA,LAR,196,-240,0.32368621477532367
2023-01-08,WAS,DAL,-345,270,0.7415045018878884
2023-01-08,PHI,NYG,800,-1400,0.10638297872340424
2023-01-08,GB,DET,205,-250,0.31460674157303364
